"school"	"sex"	"age"	"address"	"famsize"	"Pstatus"	"Medu"	"Fedu"	"Mjob"	"Fjob"	"reason"	"guardian"	"traveltime"	"studytime"	"failures"	"schoolsup"	"famsup"	"paid"	"activities"	"nursery"	"higher"	"internet"	"romantic"	"famrel"	"freetime"	"goout"	"Dalc"	"Walc"	"health"	"absences"	"G1"	"G2"	"G3"
"1"	"GP"	"M"	15	"U"	"GT3"	"T"	"3"	"4"	"other"	"other"	"home"	"mother"	"1"	"2"	"0"	"no"	"yes"	"no"	"yes"	"yes"	"yes"	"yes"	"no"	"5"	"5"	"1"	"1"	"1"	"5"	0	12	NA	13
"2"	"GP"	"F"	16	"U"	"GT3"	"T"	"4"	"3"	"other"	"at_home"	"course"	"mother"	"1"	"3"	"0"	"yes"	"yes"	"no"	"no"	"yes"	"yes"	"yes"	"no"	"5"	"3"	"5"	"1"	"1"	"3"	2	12	NA	13
"3"	"GP"	"M"	15	"U"	"GT3"	"T"	"4"	"4"	"services"	"other"	"course"	"mother"	"1"	"1"	"0"	"no"	"yes"	"yes"	"yes"	"no"	"yes"	"yes"	"no"	"5"	"3"	"3"	"1"	"1"	"5"	2	12	13	12
"4"	"GP"	"F"	15	"U"	"GT3"	"T"	"3"	"2"	"services"	"other"	"home"	"mother"	"2"	"2"	"0"	"yes"	"yes"	"no"	"no"	"yes"	"yes"	"yes"	"no"	"4"	"3"	"5"	"1"	"1"	"2"	16	11	10	10
"5"	"GP"	"M"	15	"U"	"GT3"	"A"	"3"	"4"	"services"	"other"	"course"	"mother"	"1"	"2"	"0"	"no"	"yes"	"no"	"yes"	"yes"	"yes"	"yes"	"no"	"5"	"4"	"4"	"1"	"1"	"1"	0	16	NA	16
"6"	"GP"	"F"	15	"U"	"GT3"	"A"	"3"	"3"	"other"	"health"	"reputation"	"father"	"1"	"4"	"0"	"yes"	"no"	"no"	"no"	"yes"	"yes"	"no"	"no"	"4"	"3"	"3"	"1"	"1"	"4"	10	NA	10	10
"7"	"GP"	"F"	15	"U"	"GT3"	"T"	"2"	"2"	"other"	"other"	"course"	"mother"	"1"	"4"	"0"	"yes"	"yes"	"no"	"no"	"yes"	"yes"	"yes"	"no"	"5"	"1"	"2"	"1"	"1"	"3"	4	NA	10	10
"8"	"GP"	"M"	16	"U"	"GT3"	"T"	"3"	"3"	"services"	"other"	"home"	"father"	"1"	"3"	"0"	"no"	"yes"	"no"	"yes"	"yes"	"yes"	"yes"	"no"	"5"	"3"	"3"	"1"	"1"	"5"	4	13	14	14
"9"	"GP"	"F"	15	"U"	"GT3"	"T"	"4"	"4"	"teacher"	"health"	"reputation"	"mother"	"1"	"2"	"0"	"no"	"yes"	"no"	"no"	"yes"	"yes"	"yes"	"no"	"3"	"3"	"3"	"1"	"2"	"2"	2	14	NA	14
"10"	"GP"	"F"	16	"U"	"LE3"	"T"	"4"	"4"	"health"	"health"	"other"	"mother"	"1"	"3"	"0"	"no"	"yes"	"no"	"yes"	"yes"	"yes"	"yes"	"yes"	"5"	"4"	"5"	"1"	"1"	"4"	2	15	NA	14
"11"	"GP"	"M"	15	"U"	"LE3"	"A"	"4"	"4"	"teacher"	"teacher"	"course"	"mother"	"1"	"1"	"0"	"no"	"no"	"no"	"yes"	"yes"	"yes"	"yes"	"no"	"5"	"5"	"3"	"1"	"1"	"4"	4	13	14	14
"12"	"GP"	"F"	16	"R"	"GT3"	"T"	"3"	"3"	"services"	"other"	"reputation"	"father"	"1"	"3"	"0"	"yes"	"yes"	"no"	"yes"	"yes"	"yes"	"yes"	"no"	"4"	"1"	"2"	"1"	"1"	"2"	4	11	NA	11
"13"	"GP"	"F"	16	"U"	"GT3"	"T"	"2"	"2"	"at_home"	"other"	"home"	"mother"	"1"	"2"	"1"	"yes"	"no"	"no"	"yes"	"yes"	"yes"	"yes"	"no"	"3"	"1"	"2"	"1"	"1"	"5"	12	8	10	10
"14"	"GP"	"M"	15	"U"	"LE3"	"T"	"4"	"2"	"teacher"	"other"	"course"	"mother"	"1"	"1"	"0"	"no"	"no"	"no"	"no"	"yes"	"yes"	"yes"	"no"	"3"	"5"	"2"	"1"	"1"	"3"	10	NA	NA	18
"15"	"GP"	"M"	15	"R"	"GT3"	"T"	"2"	"1"	"health"	"services"	"reputation"	"mother"	"1"	"2"	"0"	"no"	"no"	"no"	"yes"	"yes"	"yes"	"yes"	"yes"	"5"	"4"	"2"	"1"	"1"	"5"	4	NA	9	10
"16"	"GP"	"M"	16	"U"	"GT3"	"T"	"4"	"4"	"teacher"	"teacher"	"course"	"father"	"1"	"2"	"0"	"no"	"yes"	"no"	"yes"	"yes"	"yes"	"yes"	"no"	"5"	"4"	"4"	"1"	"2"	"5"	6	16	14	14
"17"	"GP"	"M"	15	"U"	"GT3"	"T"	"4"	"4"	"other"	"teacher"	"reputation"	"father"	"2"	"2"	"0"	"no"	"yes"	"no"	"yes"	"yes"	"yes"	"no"	"no"	"4"	"4"	"3"	"1"	"1"	"2"	4	16	NA	16
"18"	"GP"	"M"	16	"U"	"GT3"	"T"	"3"	"3"	"other"	"services"	"home"	"father"	"2"	"1"	"0"	"no"	"no"	"no"	"yes"	"yes"	"yes"	"yes"	"no"	"5"	"4"	"2"	"1"	"1"	"5"	6	14	NA	15
"19"	"GP"	"M"	17	"R"	"GT3"	"T"	"1"	"3"	"other"	"other"	"course"	"father"	"3"	"2"	"1"	"no"	"yes"	"no"	"yes"	"yes"	"yes"	"yes"	"no"	"5"	"2"	"4"	"1"	"4"	"5"	14	12	11	11
"20"	"GP"	"F"	15	"U"	"GT3"	"T"	"2"	"1"	"services"	"other"	"reputation"	"father"	"3"	"3"	"0"	"no"	"yes"	"no"	"yes"	"yes"	"yes"	"yes"	"no"	"5"	"2"	"2"	"1"	"1"	"4"	0	NA	12	13
"21"	"GP"	"M"	15	"U"	"GT3"	"T"	"3"	"4"	"other"	"other"	"reputation"	"father"	"1"	"1"	"0"	"no"	"no"	"no"	"no"	"yes"	"yes"	"yes"	"no"	"3"	"4"	"3"	"1"	"2"	"4"	2	14	NA	14
"22"	"GP"	"F"	15	"U"	"GT3"	"T"	"1"	"2"	"at_home"	"services"	"course"	"mother"	"1"	"2"	"0"	"no"	"no"	"no"	"no"	"no"	"yes"	"yes"	"no"	"3"	"2"	"3"	"1"	"2"	"1"	0	14	NA	14
"23"	"GP"	"M"	15	"U"	"GT3"	"T"	"2"	"2"	"services"	"services"	"home"	"father"	"1"	"4"	"0"	"no"	"yes"	"no"	"yes"	"yes"	"yes"	"yes"	"no"	"5"	"5"	"4"	"1"	"2"	"5"	6	14	NA	13
"24"	"GP"	"F"	16	"U"	"GT3"	"T"	"2"	"2"	"other"	"other"	"home"	"mother"	"1"	"2"	"0"	"no"	"no"	"no"	"no"	"yes"	"yes"	"yes"	"yes"	"5"	"4"	"4"	"1"	"1"	"5"	0	NA	11	11
"25"	"GP"	"F"	15	"U"	"LE3"	"A"	"3"	"4"	"other"	"other"	"home"	"mother"	"1"	"2"	"0"	"yes"	"no"	"no"	"yes"	"yes"	"yes"	"yes"	"yes"	"5"	"3"	"2"	"1"	"1"	"1"	0	10	11	11
"26"	"GP"	"F"	19	"U"	"GT3"	"T"	"0"	"1"	"at_home"	"other"	"course"	"other"	"1"	"2"	"2"	"no"	"yes"	"no"	"no"	"no"	"no"	"no"	"no"	"3"	"4"	"2"	"1"	"1"	"5"	0	9	10	11
"27"	"GP"	"M"	16	"R"	"GT3"	"T"	"4"	"4"	"teacher"	"teacher"	"course"	"mother"	"1"	"1"	"0"	"no"	"no"	"no"	"yes"	"yes"	"yes"	"yes"	"no"	"3"	"5"	"5"	"2"	"5"	"4"	8	NA	NA	15
"28"	"GP"	"M"	15	"U"	"LE3"	"T"	"4"	"4"	"health"	"services"	"course"	"father"	"1"	"1"	"0"	"no"	"yes"	"no"	"yes"	"yes"	"yes"	"yes"	"no"	"4"	"3"	"3"	"1"	"3"	"5"	0	12	NA	12
"29"	"GP"	"M"	16	"U"	"GT3"	"T"	"2"	"3"	"other"	"other"	"course"	"mother"	"2"	"3"	"0"	"no"	"yes"	"no"	"no"	"no"	"yes"	"yes"	"yes"	"3"	"2"	"3"	"2"	"2"	"1"	4	13	NA	13
"30"	"GP"	"F"	15	"U"	"GT3"	"T"	"1"	"1"	"at_home"	"other"	"course"	"mother"	"3"	"1"	"0"	"no"	"yes"	"no"	"yes"	"no"	"yes"	"yes"	"yes"	"4"	"3"	"3"	"1"	"2"	"4"	6	11	12	13
"31"	"GP"	"F"	17	"U"	"LE3"	"T"	"2"	"2"	"other"	"other"	"course"	"father"	"1"	"1"	"0"	"no"	"yes"	"no"	"no"	"yes"	"yes"	"yes"	"yes"	"3"	"4"	"4"	"1"	"3"	"5"	2	NA	12	12
"32"	"GP"	"F"	16	"U"	"GT3"	"A"	"3"	"4"	"services"	"other"	"course"	"father"	"1"	"1"	"0"	"no"	"no"	"no"	"no"	"yes"	"yes"	"yes"	"no"	"3"	"2"	"1"	"1"	"4"	"5"	12	NA	NA	14
"33"	"GP"	"M"	16	"U"	"GT3"	"T"	"2"	"1"	"at_home"	"other"	"course"	"mother"	"4"	"1"	"0"	"no"	"no"	"no"	"no"	"yes"	"yes"	"no"	"no"	"3"	"2"	"1"	"1"	"1"	"2"	4	9	NA	11
"34"	"GP"	"M"	15	"R"	"GT3"	"T"	"3"	"4"	"at_home"	"teacher"	"course"	"mother"	"4"	"2"	"0"	"no"	"yes"	"no"	"no"	"yes"	"yes"	"no"	"yes"	"5"	"3"	"3"	"1"	"1"	"5"	2	NA	11	11
"35"	"GP"	"M"	15	"U"	"GT3"	"T"	"4"	"3"	"teacher"	"other"	"course"	"mother"	"2"	"2"	"0"	"no"	"yes"	"no"	"no"	"yes"	"yes"	"yes"	"no"	"5"	"4"	"3"	"1"	"2"	"3"	0	12	NA	13
"36"	"GP"	"M"	17	"R"	"GT3"	"T"	"3"	"4"	"at_home"	"other"	"course"	"mother"	"3"	"2"	"0"	"no"	"no"	"no"	"no"	"yes"	"yes"	"no"	"no"	"5"	"4"	"5"	"2"	"4"	"5"	2	NA	9	10
"37"	"GP"	"M"	18	"U"	"LE3"	"T"	"3"	"1"	"services"	"services"	"course"	"mother"	"2"	"1"	"0"	"no"	"no"	"no"	"yes"	"yes"	"yes"	"yes"	"yes"	"3"	"3"	"4"	"4"	"5"	"4"	2	11	11	12
"38"	"GP"	"F"	16	"R"	"GT3"	"T"	"1"	"1"	"other"	"services"	"reputation"	"mother"	"2"	"1"	"0"	"no"	"yes"	"no"	"yes"	"yes"	"yes"	"no"	"yes"	"3"	"3"	"3"	"1"	"2"	"1"	8	12	11	11
"39"	"GP"	"F"	16	"U"	"GT3"	"A"	"3"	"3"	"other"	"other"	"course"	"other"	"2"	"1"	"0"	"no"	"yes"	"no"	"yes"	"no"	"yes"	"yes"	"yes"	"4"	"3"	"2"	"1"	"1"	"5"	4	9	9	10
"40"	"GP"	"F"	15	"U"	"GT3"	"T"	"4"	"4"	"teacher"	"teacher"	"course"	"mother"	"2"	"1"	"0"	"no"	"no"	"no"	"yes"	"yes"	"yes"	"yes"	"no"	"4"	"3"	"2"	"1"	"1"	"5"	6	13	14	14
"41"	"GP"	"F"	15	"U"	"GT3"	"A"	"3"	"3"	"services"	"services"	"home"	"mother"	"1"	"2"	"0"	"no"	"no"	"no"	"no"	"no"	"yes"	"no"	"yes"	"1"	"3"	"2"	"2"	"3"	"1"	24	9	8	9
"42"	"GP"	"M"	16	"U"	"GT3"	"T"	"4"	"4"	"services"	"services"	"course"	"mother"	"1"	"3"	"0"	"no"	"yes"	"no"	"yes"	"yes"	"yes"	"yes"	"no"	"5"	"3"	"3"	"1"	"3"	"5"	0	15	NA	13
"43"	"GP"	"M"	16	"U"	"LE3"	"T"	"2"	"2"	"services"	"services"	"reputation"	"father"	"2"	"1"	"0"	"no"	"yes"	"no"	"yes"	"yes"	"yes"	"yes"	"no"	"2"	"3"	"3"	"2"	"2"	"2"	4	12	NA	11
"44"	"GP"	"F"	15	"U"	"GT3"	"T"	"4"	"4"	"teacher"	"services"	"course"	"mother"	"1"	"3"	"0"	"no"	"yes"	"no"	"yes"	"yes"	"yes"	"yes"	"no"	"4"	"2"	"2"	"1"	"1"	"5"	2	NA	NA	13
"45"	"GP"	"F"	16	"U"	"LE3"	"T"	"1"	"1"	"at_home"	"at_home"	"course"	"mother"	"1"	"1"	"0"	"no"	"no"	"no"	"no"	"yes"	"yes"	"yes"	"no"	"3"	"4"	"4"	"3"	"3"	"1"	4	NA	11	11
"46"	"GP"	"M"	17	"U"	"GT3"	"T"	"2"	"1"	"other"	"other"	"home"	"mother"	"1"	"1"	"0"	"no"	"yes"	"no"	"no"	"yes"	"yes"	"yes"	"no"	"5"	"4"	"5"	"1"	"2"	"5"	22	NA	7	6
"47"	"GP"	"F"	15	"U"	"LE3"	"A"	"2"	"1"	"at_home"	"other"	"home"	"mother"	"2"	"1"	"0"	"no"	"yes"	"no"	"yes"	"yes"	"no"	"yes"	"yes"	"4"	"4"	"2"	"1"	"1"	"5"	0	11	10	10
"48"	"GP"	"F"	15	"U"	"GT3"	"T"	"3"	"2"	"health"	"services"	"home"	"father"	"1"	"2"	"1"	"no"	"yes"	"no"	"no"	"yes"	"yes"	"yes"	"no"	"3"	"3"	"2"	"1"	"1"	"3"	2	NA	11	11
"49"	"GP"	"F"	16	"U"	"GT3"	"T"	"4"	"4"	"health"	"other"	"home"	"mother"	"1"	"1"	"0"	"no"	"yes"	"no"	"no"	"yes"	"yes"	"yes"	"no"	"4"	"4"	"4"	"1"	"2"	"2"	6	17	NA	17
"50"	"GP"	"F"	15	"U"	"GT3"	"T"	"1"	"2"	"at_home"	"other"	"course"	"mother"	"1"	"2"	"0"	"no"	"yes"	"no"	"no"	"no"	"yes"	"yes"	"no"	"4"	"3"	"2"	"1"	"1"	"5"	6	13	NA	13
"51"	"GP"	"F"	15	"U"	"GT3"	"T"	"1"	"2"	"at_home"	"services"	"course"	"father"	"1"	"2"	"0"	"no"	"no"	"no"	"no"	"no"	"yes"	"no"	"yes"	"2"	"3"	"4"	"2"	"4"	"1"	6	11	11	11
"52"	"GP"	"M"	15	"U"	"LE3"	"A"	"2"	"1"	"services"	"other"	"course"	"mother"	"4"	"1"	"0"	"no"	"no"	"no"	"no"	"yes"	"yes"	"yes"	"no"	"4"	"5"	"5"	"2"	"5"	"5"	0	NA	11	11
"53"	"GP"	"M"	18	"U"	"LE3"	"T"	"1"	"1"	"other"	"other"	"course"	"mother"	"1"	"1"	"2"	"no"	"no"	"no"	"no"	"yes"	"no"	"yes"	"yes"	"2"	"3"	"5"	"2"	"5"	"4"	0	11	9	0
"54"	"GP"	"M"	16	"U"	"LE3"	"T"	"2"	"1"	"at_home"	"other"	"course"	"mother"	"1"	"1"	"1"	"no"	"no"	"no"	"yes"	"yes"	"yes"	"no"	"yes"	"4"	"4"	"4"	"3"	"5"	"5"	6	9	NA	10
"55"	"GP"	"F"	15	"R"	"GT3"	"T"	"3"	"3"	"services"	"services"	"reputation"	"other"	"2"	"3"	"0"	"no"	"yes"	"yes"	"yes"	"yes"	"yes"	"yes"	"yes"	"4"	"2"	"1"	"2"	"3"	"3"	2	NA	NA	13
"56"	"GP"	"M"	19	"U"	"GT3"	"T"	"3"	"2"	"services"	"at_home"	"home"	"mother"	"1"	"1"	"0"	"no"	"yes"	"no"	"no"	"yes"	"no"	"yes"	"yes"	"4"	"5"	"4"	"1"	"1"	"4"	6	11	NA	11
"57"	"GP"	"F"	17	"U"	"GT3"	"T"	"4"	"4"	"other"	"teacher"	"course"	"mother"	"1"	"1"	"0"	"yes"	"yes"	"no"	"no"	"yes"	"yes"	"no"	"yes"	"4"	"2"	"1"	"1"	"1"	"4"	0	13	13	13
"58"	"GP"	"M"	17	"R"	"LE3"	"T"	"1"	"2"	"other"	"other"	"reputation"	"mother"	"1"	"1"	"3"	"no"	"no"	"no"	"no"	"yes"	"yes"	"no"	"no"	"2"	"2"	"2"	"3"	"3"	"5"	14	9	8	10
"59"	"GP"	"M"	16	"R"	"GT3"	"T"	"2"	"2"	"at_home"	"other"	"course"	"mother"	"3"	"1"	"0"	"no"	"no"	"no"	"no"	"no"	"yes"	"no"	"no"	"4"	"2"	"2"	"1"	"2"	"3"	4	12	NA	11
"60"	"GP"	"M"	16	"U"	"LE3"	"T"	"1"	"2"	"health"	"services"	"course"	"mother"	"2"	"1"	"2"	"no"	"no"	"no"	"no"	"no"	"yes"	"yes"	"no"	"4"	"4"	"5"	"3"	"5"	"5"	0	9	8	10
"61"	"GP"	"M"	17	"R"	"LE3"	"T"	"2"	"1"	"at_home"	"other"	"course"	"mother"	"2"	"1"	"1"	"no"	"no"	"yes"	"yes"	"yes"	"no"	"yes"	"yes"	"3"	"3"	"2"	"2"	"2"	"5"	8	8	8	9
"62"	"GP"	"M"	17	"R"	"GT3"	"T"	"3"	"2"	"other"	"other"	"course"	"mother"	"2"	"2"	"2"	"yes"	"yes"	"no"	"no"	"yes"	"yes"	"yes"	"yes"	"4"	"4"	"4"	"1"	"4"	"3"	4	7	6	8
"63"	"GP"	"M"	15	"U"	"LE3"	"T"	"1"	"2"	"other"	"other"	"course"	"mother"	"2"	"1"	"0"	"no"	"no"	"no"	"yes"	"yes"	"yes"	"no"	"no"	"4"	"4"	"4"	"2"	"4"	"5"	2	8	9	10
"64"	"GP"	"M"	16	"U"	"GT3"	"T"	"1"	"3"	"at_home"	"services"	"course"	"father"	"1"	"1"	"1"	"no"	"no"	"no"	"no"	"yes"	"no"	"yes"	"no"	"5"	"3"	"3"	"1"	"4"	"2"	2	9	8	8
"65"	"GP"	"M"	17	"R"	"LE3"	"T"	"1"	"1"	"other"	"services"	"course"	"mother"	"4"	"2"	"0"	"no"	"no"	"no"	"yes"	"yes"	"no"	"no"	"yes"	"5"	"3"	"5"	"1"	"5"	"5"	0	NA	8	8
"66"	"GP"	"M"	17	"U"	"GT3"	"T"	"3"	"2"	"services"	"services"	"course"	"mother"	"2"	"1"	"3"	"no"	"yes"	"no"	"yes"	"no"	"no"	"no"	"no"	"4"	"5"	"2"	"1"	"1"	"2"	10	8	7	8
"67"	"GP"	"F"	16	"U"	"GT3"	"T"	"4"	"4"	"health"	"health"	"reputation"	"mother"	"1"	"2"	"0"	"no"	"yes"	"no"	"no"	"yes"	"yes"	"yes"	"yes"	"4"	"4"	"2"	"1"	"1"	"3"	0	16	NA	17
"68"	"GP"	"M"	16	"U"	"GT3"	"T"	"3"	"4"	"other"	"other"	"course"	"father"	"3"	"1"	"1"	"no"	"yes"	"no"	"yes"	"no"	"yes"	"yes"	"no"	"3"	"4"	"5"	"2"	"4"	"2"	4	NA	9	10
"69"	"GP"	"M"	16	"U"	"GT3"	"T"	"1"	"0"	"other"	"other"	"reputation"	"mother"	"2"	"2"	"0"	"no"	"yes"	"no"	"yes"	"yes"	"yes"	"yes"	"yes"	"4"	"3"	"2"	"1"	"1"	"3"	0	16	NA	18
"70"	"GP"	"F"	16	"U"	"GT3"	"T"	"1"	"3"	"at_home"	"services"	"home"	"mother"	"1"	"2"	"0"	"no"	"no"	"no"	"yes"	"no"	"yes"	"yes"	"yes"	"4"	"3"	"5"	"1"	"1"	"3"	0	14	13	13
"71"	"GP"	"F"	16	"U"	"LE3"	"T"	"3"	"3"	"other"	"other"	"reputation"	"mother"	"2"	"2"	"0"	"no"	"yes"	"no"	"yes"	"yes"	"yes"	"yes"	"no"	"4"	"4"	"5"	"1"	"1"	"4"	0	14	14	15
"72"	"GP"	"M"	17	"U"	"GT3"	"T"	"3"	"2"	"services"	"services"	"course"	"mother"	"1"	"1"	"3"	"no"	"yes"	"yes"	"yes"	"yes"	"yes"	"yes"	"no"	"5"	"5"	"5"	"2"	"4"	"5"	2	8	8	7
"73"	"GP"	"M"	17	"U"	"LE3"	"T"	"4"	"3"	"teacher"	"other"	"course"	"mother"	"2"	"2"	"0"	"no"	"no"	"no"	"yes"	"yes"	"yes"	"yes"	"no"	"4"	"4"	"4"	"4"	"4"	"4"	0	10	11	11
"74"	"GP"	"F"	16	"U"	"GT3"	"T"	"2"	"2"	"services"	"other"	"reputation"	"mother"	"2"	"2"	"0"	"no"	"no"	"no"	"yes"	"no"	"yes"	"yes"	"no"	"3"	"4"	"4"	"1"	"4"	"5"	0	13	NA	14
"75"	"GP"	"M"	16	"R"	"GT3"	"T"	"4"	"2"	"teacher"	"services"	"other"	"mother"	"1"	"1"	"0"	"no"	"yes"	"no"	"yes"	"yes"	"yes"	"yes"	"yes"	"4"	"3"	"3"	"3"	"4"	"3"	8	NA	9	11
"76"	"GP"	"M"	16	"U"	"GT3"	"T"	"4"	"3"	"teacher"	"other"	"home"	"mother"	"1"	"2"	"0"	"no"	"yes"	"yes"	"yes"	"yes"	"yes"	"yes"	"no"	"3"	"4"	"3"	"2"	"3"	"3"	4	NA	10	11
"77"	"GP"	"M"	16	"U"	"GT3"	"T"	"3"	"3"	"services"	"other"	"home"	"mother"	"1"	"2"	"0"	"no"	"no"	"no"	"yes"	"yes"	"yes"	"yes"	"yes"	"4"	"2"	"3"	"1"	"2"	"3"	0	NA	12	13
"78"	"GP"	"F"	17	"U"	"GT3"	"T"	"2"	"4"	"services"	"services"	"reputation"	"father"	"1"	"2"	"0"	"no"	"yes"	"no"	"yes"	"yes"	"yes"	"no"	"no"	"5"	"4"	"2"	"2"	"3"	"5"	0	17	18	17
"79"	"GP"	"F"	17	"U"	"LE3"	"T"	"3"	"3"	"other"	"other"	"reputation"	"mother"	"1"	"2"	"0"	"no"	"yes"	"no"	"yes"	"yes"	"yes"	"yes"	"yes"	"5"	"3"	"3"	"2"	"3"	"1"	32	14	13	14
"80"	"GP"	"F"	16	"U"	"GT3"	"T"	"3"	"2"	"other"	"other"	"reputation"	"mother"	"1"	"2"	"0"	"no"	"yes"	"no"	"no"	"yes"	"yes"	"yes"	"no"	"1"	"2"	"2"	"1"	"2"	"1"	8	NA	NA	16
"81"	"GP"	"M"	16	"U"	"LE3"	"T"	"4"	"3"	"health"	"other"	"home"	"father"	"1"	"1"	"0"	"no"	"no"	"no"	"yes"	"yes"	"yes"	"yes"	"no"	"3"	"1"	"3"	"1"	"3"	"5"	6	NA	12	12
"82"	"GP"	"M"	17	"U"	"GT3"	"T"	"3"	"3"	"services"	"services"	"other"	"mother"	"1"	"2"	"0"	"no"	"yes"	"no"	"yes"	"yes"	"yes"	"yes"	"yes"	"4"	"3"	"4"	"2"	"3"	"4"	6	11	13	14
"83"	"GP"	"M"	16	"U"	"LE3"	"T"	"2"	"1"	"other"	"other"	"course"	"mother"	"1"	"2"	"0"	"no"	"no"	"no"	"yes"	"yes"	"yes"	"yes"	"yes"	"4"	"2"	"3"	"1"	"2"	"5"	0	13	NA	16
"84"	"GP"	"F"	17	"U"	"GT3"	"A"	"3"	"3"	"health"	"other"	"reputation"	"mother"	"1"	"2"	"0"	"no"	"yes"	"no"	"no"	"no"	"yes"	"yes"	"yes"	"3"	"3"	"3"	"1"	"3"	"3"	10	12	NA	14
"85"	"GP"	"M"	17	"R"	"GT3"	"T"	"1"	"2"	"at_home"	"other"	"home"	"mother"	"1"	"2"	"0"	"no"	"no"	"no"	"no"	"yes"	"yes"	"no"	"no"	"3"	"1"	"3"	"1"	"5"	"3"	6	NA	9	10
"86"	"GP"	"F"	16	"U"	"GT3"	"T"	"2"	"3"	"services"	"services"	"course"	"mother"	"1"	"2"	"0"	"no"	"no"	"no"	"no"	"yes"	"yes"	"yes"	"no"	"4"	"3"	"3"	"1"	"1"	"2"	6	12	12	13
"87"	"GP"	"M"	17	"U"	"GT3"	"T"	"1"	"2"	"at_home"	"services"	"other"	"other"	"2"	"2"	"0"	"no"	"no"	"no"	"yes"	"no"	"yes"	"yes"	"no"	"4"	"4"	"4"	"4"	"5"	"5"	16	10	11	12
"88"	"GP"	"M"	16	"U"	"GT3"	"T"	"2"	"3"	"other"	"other"	"home"	"father"	"2"	"1"	"0"	"no"	"no"	"no"	"no"	"yes"	"yes"	"yes"	"no"	"5"	"3"	"3"	"1"	"1"	"3"	0	NA	12	12
"89"	"GP"	"M"	15	"U"	"GT3"	"T"	"4"	"3"	"teacher"	"other"	"reputation"	"mother"	"1"	"2"	"0"	"no"	"no"	"no"	"no"	"yes"	"yes"	"yes"	"no"	"4"	"4"	"1"	"1"	"1"	"1"	0	12	NA	14
"90"	"GP"	"F"	17	"U"	"LE3"	"T"	"2"	"4"	"services"	"services"	"course"	"father"	"1"	"2"	"0"	"no"	"no"	"no"	"yes"	"yes"	"yes"	"yes"	"yes"	"4"	"3"	"2"	"1"	"1"	"5"	8	NA	NA	16
"91"	"GP"	"M"	17	"U"	"GT3"	"T"	"4"	"4"	"services"	"teacher"	"home"	"mother"	"1"	"1"	"0"	"no"	"no"	"no"	"no"	"yes"	"yes"	"yes"	"no"	"5"	"2"	"3"	"1"	"2"	"5"	4	NA	13	14
"92"	"GP"	"M"	16	"R"	"LE3"	"T"	"3"	"3"	"teacher"	"other"	"home"	"father"	"3"	"1"	"0"	"no"	"yes"	"no"	"yes"	"yes"	"yes"	"yes"	"no"	"3"	"3"	"4"	"3"	"5"	"3"	16	NA	11	12
"93"	"GP"	"F"	16	"U"	"GT3"	"T"	"4"	"3"	"health"	"other"	"home"	"mother"	"1"	"2"	"0"	"no"	"yes"	"no"	"yes"	"yes"	"yes"	"yes"	"no"	"4"	"3"	"5"	"1"	"5"	"2"	2	14	NA	15
"94"	"GP"	"F"	17	"U"	"GT3"	"T"	"1"	"1"	"other"	"other"	"course"	"mother"	"1"	"2"	"0"	"no"	"yes"	"no"	"no"	"no"	"yes"	"no"	"no"	"4"	"4"	"4"	"1"	"3"	"1"	0	14	NA	15
"95"	"GP"	"F"	17	"R"	"GT3"	"T"	"2"	"2"	"other"	"other"	"reputation"	"mother"	"1"	"1"	"0"	"no"	"yes"	"no"	"no"	"yes"	"yes"	"yes"	"no"	"5"	"3"	"2"	"1"	"2"	"3"	21	13	13	13
"96"	"GP"	"F"	16	"R"	"GT3"	"T"	"2"	"2"	"services"	"services"	"reputation"	"mother"	"2"	"4"	"0"	"no"	"yes"	"no"	"yes"	"no"	"yes"	"yes"	"no"	"5"	"3"	"5"	"1"	"1"	"5"	6	NA	NA	13
"97"	"GP"	"F"	17	"U"	"GT3"	"T"	"3"	"4"	"at_home"	"services"	"home"	"mother"	"1"	"3"	"1"	"no"	"yes"	"yes"	"no"	"yes"	"yes"	"yes"	"yes"	"4"	"4"	"3"	"3"	"4"	"5"	14	8	9	8
"98"	"GP"	"F"	16	"U"	"GT3"	"T"	"4"	"3"	"teacher"	"other"	"other"	"mother"	"1"	"2"	"0"	"no"	"no"	"no"	"yes"	"yes"	"yes"	"yes"	"yes"	"1"	"3"	"2"	"1"	"1"	"1"	4	14	NA	15
"99"	"GP"	"F"	16	"U"	"GT3"	"T"	"1"	"1"	"at_home"	"other"	"home"	"mother"	"2"	"1"	"0"	"no"	"yes"	"no"	"no"	"yes"	"yes"	"no"	"no"	"4"	"3"	"2"	"1"	"4"	"5"	2	12	13	13
"100"	"GP"	"F"	17	"R"	"GT3"	"T"	"4"	"3"	"teacher"	"other"	"reputation"	"mother"	"2"	"3"	"0"	"no"	"yes"	"no"	"yes"	"yes"	"yes"	"yes"	"yes"	"4"	"4"	"2"	"1"	"1"	"4"	0	NA	12	12
"101"	"GP"	"F"	19	"U"	"GT3"	"T"	"3"	"3"	"other"	"other"	"reputation"	"other"	"1"	"4"	"0"	"no"	"yes"	"no"	"yes"	"yes"	"yes"	"yes"	"no"	"4"	"3"	"3"	"1"	"2"	"3"	4	12	NA	12
"102"	"GP"	"M"	17	"U"	"LE3"	"T"	"4"	"4"	"services"	"other"	"home"	"mother"	"1"	"2"	"0"	"no"	"yes"	"no"	"no"	"yes"	"yes"	"yes"	"yes"	"5"	"3"	"5"	"4"	"5"	"3"	15	13	12	12
"103"	"GP"	"F"	16	"U"	"GT3"	"A"	"2"	"2"	"other"	"other"	"reputation"	"mother"	"1"	"2"	"0"	"yes"	"yes"	"no"	"no"	"yes"	"yes"	"yes"	"no"	"3"	"3"	"4"	"1"	"1"	"4"	0	13	NA	13
"104"	"GP"	"F"	17	"R"	"LE3"	"T"	"4"	"4"	"services"	"other"	"other"	"mother"	"1"	"1"	"0"	"no"	"yes"	"no"	"no"	"yes"	"yes"	"no"	"no"	"5"	"2"	"1"	"1"	"2"	"3"	6	12	11	11
"105"	"GP"	"M"	16	"U"	"LE3"	"T"	"4"	"2"	"teacher"	"other"	"course"	"mother"	"1"	"2"	"0"	"no"	"no"	"no"	"yes"	"yes"	"yes"	"yes"	"no"	"4"	"5"	"1"	"1"	"3"	"5"	0	12	13	14
"106"	"GP"	"F"	17	"U"	"LE3"	"T"	"3"	"2"	"other"	"other"	"reputation"	"mother"	"2"	"2"	"0"	"no"	"no"	"no"	"no"	"yes"	"yes"	"yes"	"no"	"4"	"4"	"4"	"1"	"3"	"1"	2	14	16	15
"107"	"GP"	"M"	18	"U"	"LE3"	"T"	"3"	"3"	"services"	"health"	"home"	"father"	"1"	"2"	"0"	"no"	"yes"	"no"	"no"	"yes"	"yes"	"yes"	"no"	"3"	"2"	"4"	"2"	"4"	"4"	10	10	10	10
"108"	"GP"	"F"	17	"U"	"GT3"	"T"	"2"	"2"	"at_home"	"at_home"	"course"	"mother"	"1"	"3"	"0"	"no"	"yes"	"no"	"yes"	"yes"	"yes"	"yes"	"no"	"4"	"3"	"3"	"1"	"1"	"4"	0	12	12	13
"109"	"GP"	"F"	17	"R"	"GT3"	"T"	"2"	"1"	"at_home"	"services"	"reputation"	"mother"	"2"	"2"	"0"	"no"	"yes"	"no"	"yes"	"yes"	"yes"	"yes"	"no"	"4"	"2"	"5"	"1"	"2"	"5"	0	11	10	11
"110"	"GP"	"F"	17	"U"	"GT3"	"T"	"1"	"1"	"at_home"	"other"	"reputation"	"mother"	"1"	"3"	"0"	"no"	"yes"	"no"	"yes"	"yes"	"yes"	"no"	"yes"	"4"	"3"	"4"	"1"	"1"	"5"	12	12	NA	12
"111"	"GP"	"F"	16	"U"	"GT3"	"T"	"2"	"3"	"services"	"teacher"	"other"	"mother"	"1"	"2"	"0"	"yes"	"no"	"no"	"no"	"yes"	"yes"	"yes"	"no"	"2"	"3"	"1"	"1"	"1"	"3"	0	13	13	14
"112"	"GP"	"M"	18	"U"	"GT3"	"T"	"2"	"2"	"other"	"other"	"home"	"mother"	"2"	"2"	"3"	"no"	"yes"	"yes"	"no"	"yes"	"yes"	"yes"	"no"	"3"	"3"	"3"	"5"	"5"	"4"	9	NA	9	10
"113"	"GP"	"M"	16	"U"	"LE3"	"T"	"2"	"2"	"other"	"other"	"reputation"	"mother"	"2"	"2"	"0"	"no"	"yes"	"no"	"yes"	"yes"	"yes"	"yes"	"no"	"5"	"4"	"4"	"2"	"4"	"5"	2	NA	10	10
"114"	"GP"	"F"	18	"R"	"GT3"	"T"	"3"	"1"	"other"	"other"	"reputation"	"mother"	"1"	"2"	"0"	"no"	"no"	"no"	"yes"	"yes"	"yes"	"yes"	"yes"	"5"	"3"	"3"	"1"	"1"	"4"	4	8	8	8
"115"	"GP"	"F"	17	"U"	"GT3"	"T"	"3"	"2"	"other"	"other"	"course"	"mother"	"1"	"2"	"0"	"no"	"no"	"no"	"yes"	"no"	"yes"	"yes"	"no"	"5"	"3"	"4"	"1"	"3"	"3"	2	17	18	17
"116"	"GP"	"M"	18	"U"	"LE3"	"T"	"2"	"1"	"at_home"	"other"	"course"	"mother"	"4"	"2"	"0"	"yes"	"yes"	"no"	"yes"	"yes"	"yes"	"yes"	"yes"	"4"	"3"	"2"	"4"	"5"	"3"	2	9	10	11
"117"	"GP"	"F"	17	"U"	"GT3"	"A"	"2"	"1"	"other"	"other"	"course"	"mother"	"2"	"3"	"0"	"no"	"no"	"no"	"yes"	"yes"	"yes"	"yes"	"yes"	"3"	"2"	"3"	"1"	"2"	"3"	0	15	15	16
"118"	"GP"	"F"	17	"U"	"LE3"	"T"	"4"	"3"	"health"	"other"	"reputation"	"father"	"1"	"2"	"0"	"no"	"no"	"no"	"yes"	"yes"	"yes"	"yes"	"yes"	"3"	"2"	"3"	"1"	"2"	"3"	0	14	12	12
"119"	"GP"	"M"	16	"U"	"GT3"	"T"	"4"	"4"	"health"	"other"	"reputation"	"father"	"1"	"2"	"0"	"no"	"yes"	"no"	"yes"	"yes"	"yes"	"yes"	"no"	"4"	"2"	"4"	"2"	"4"	"1"	0	13	13	14
"120"	"GP"	"F"	15	"R"	"GT3"	"T"	"2"	"4"	"services"	"health"	"course"	"mother"	"1"	"3"	"0"	"yes"	"yes"	"no"	"yes"	"yes"	"yes"	"yes"	"no"	"4"	"3"	"2"	"1"	"1"	"5"	2	NA	11	10
"121"	"GP"	"M"	16	"U"	"GT3"	"T"	"3"	"2"	"at_home"	"other"	"reputation"	"mother"	"2"	"3"	"0"	"no"	"no"	"no"	"yes"	"yes"	"yes"	"yes"	"yes"	"5"	"3"	"3"	"1"	"3"	"2"	0	12	NA	12
"122"	"GP"	"M"	17	"U"	"LE3"	"T"	"2"	"2"	"other"	"other"	"home"	"father"	"1"	"2"	"0"	"no"	"no"	"no"	"yes"	"no"	"yes"	"yes"	"yes"	"4"	"4"	"2"	"5"	"5"	"4"	0	16	NA	16
"123"	"GP"	"F"	16	"U"	"GT3"	"T"	"2"	"1"	"other"	"other"	"home"	"mother"	"1"	"1"	"0"	"no"	"no"	"no"	"no"	"yes"	"yes"	"yes"	"yes"	"4"	"5"	"2"	"1"	"1"	"5"	4	9	10	10
"124"	"GP"	"F"	16	"U"	"GT3"	"A"	"4"	"1"	"other"	"other"	"home"	"mother"	"1"	"2"	"0"	"no"	"no"	"no"	"yes"	"yes"	"yes"	"yes"	"yes"	"5"	"3"	"3"	"1"	"2"	"5"	0	NA	13	13
"125"	"GP"	"M"	18	"U"	"GT3"	"T"	"2"	"2"	"other"	"at_home"	"course"	"other"	"1"	"1"	"1"	"no"	"yes"	"no"	"yes"	"no"	"no"	"yes"	"yes"	"4"	"4"	"3"	"2"	"2"	"1"	26	NA	8	8
"126"	"GP"	"M"	17	"U"	"GT3"	"T"	"4"	"4"	"teacher"	"teacher"	"course"	"mother"	"1"	"1"	"0"	"no"	"yes"	"no"	"yes"	"no"	"yes"	"yes"	"no"	"4"	"2"	"1"	"1"	"2"	"5"	6	10	NA	9
"127"	"GP"	"F"	17	"U"	"GT3"	"T"	"3"	"2"	"other"	"other"	"course"	"father"	"1"	"2"	"0"	"no"	"no"	"no"	"yes"	"yes"	"yes"	"no"	"no"	"5"	"4"	"2"	"1"	"1"	"3"	4	NA	NA	15
"128"	"GP"	"F"	16	"U"	"GT3"	"T"	"2"	"2"	"services"	"services"	"home"	"mother"	"1"	"1"	"0"	"no"	"yes"	"no"	"no"	"no"	"yes"	"yes"	"no"	"1"	"2"	"2"	"1"	"3"	"5"	6	NA	11	12
"129"	"GP"	"F"	16	"U"	"GT3"	"T"	"1"	"2"	"other"	"other"	"course"	"mother"	"1"	"1"	"0"	"no"	"no"	"no"	"no"	"yes"	"no"	"yes"	"no"	"5"	"3"	"5"	"1"	"2"	"5"	4	12	NA	11
"130"	"GP"	"F"	17	"R"	"GT3"	"T"	"2"	"1"	"at_home"	"services"	"course"	"mother"	"3"	"2"	"0"	"no"	"no"	"no"	"yes"	"yes"	"yes"	"no"	"no"	"2"	"1"	"1"	"1"	"1"	"3"	2	NA	NA	13
"131"	"GP"	"F"	17	"U"	"LE3"	"A"	"2"	"2"	"other"	"other"	"home"	"mother"	"1"	"1"	"1"	"no"	"yes"	"no"	"no"	"no"	"no"	"yes"	"no"	"3"	"1"	"2"	"1"	"1"	"1"	8	11	9	10
"132"	"GP"	"F"	17	"U"	"LE3"	"A"	"4"	"2"	"teacher"	"other"	"course"	"mother"	"1"	"2"	"0"	"no"	"yes"	"no"	"yes"	"yes"	"yes"	"no"	"no"	"4"	"3"	"2"	"1"	"1"	"4"	4	15	NA	14
"133"	"GP"	"M"	17	"R"	"LE3"	"A"	"4"	"4"	"teacher"	"other"	"course"	"mother"	"2"	"2"	"0"	"no"	"yes"	"no"	"no"	"yes"	"yes"	"yes"	"no"	"3"	"3"	"3"	"2"	"3"	"4"	0	12	NA	12
"134"	"GP"	"M"	15	"U"	"GT3"	"T"	"2"	"2"	"other"	"other"	"home"	"mother"	"1"	"1"	"0"	"no"	"yes"	"no"	"no"	"yes"	"yes"	"yes"	"no"	"4"	"2"	"2"	"1"	"2"	"5"	8	11	12	12
"135"	"GP"	"M"	16	"U"	"LE3"	"T"	"4"	"3"	"teacher"	"other"	"course"	"mother"	"1"	"1"	"0"	"no"	"no"	"no"	"yes"	"no"	"yes"	"yes"	"no"	"5"	"4"	"5"	"1"	"1"	"3"	7	NA	14	15
"136"	"GP"	"F"	17	"U"	"GT3"	"T"	"3"	"3"	"services"	"other"	"home"	"mother"	"2"	"3"	"0"	"no"	"yes"	"no"	"no"	"yes"	"yes"	"yes"	"yes"	"4"	"2"	"2"	"2"	"3"	"5"	10	11	NA	11
"137"	"GP"	"F"	17	"U"	"GT3"	"T"	"1"	"1"	"at_home"	"other"	"course"	"mother"	"1"	"2"	"0"	"yes"	"no"	"no"	"no"	"no"	"yes"	"no"	"yes"	"4"	"3"	"2"	"1"	"1"	"4"	10	10	9	10
"138"	"GP"	"F"	18	"U"	"GT3"	"T"	"2"	"1"	"other"	"other"	"course"	"other"	"2"	"3"	"0"	"no"	"yes"	"no"	"no"	"no"	"yes"	"yes"	"yes"	"4"	"4"	"4"	"1"	"1"	"3"	10	12	10	11
"139"	"GP"	"M"	16	"U"	"GT3"	"T"	"2"	"1"	"other"	"other"	"course"	"mother"	"3"	"1"	"0"	"no"	"no"	"no"	"no"	"yes"	"yes"	"yes"	"no"	"4"	"3"	"3"	"1"	"1"	"4"	7	NA	NA	16
"140"	"GP"	"F"	17	"U"	"GT3"	"T"	"1"	"1"	"other"	"services"	"course"	"father"	"1"	"2"	"0"	"no"	"yes"	"no"	"no"	"yes"	"yes"	"no"	"no"	"4"	"3"	"4"	"1"	"2"	"5"	4	11	10	11
"141"	"GP"	"M"	17	"U"	"GT3"	"T"	"2"	"3"	"other"	"other"	"course"	"father"	"2"	"1"	"0"	"no"	"no"	"no"	"no"	"yes"	"yes"	"yes"	"no"	"5"	"2"	"2"	"1"	"1"	"2"	2	9	NA	13
"142"	"GP"	"M"	22	"U"	"GT3"	"T"	"3"	"1"	"services"	"services"	"other"	"mother"	"1"	"1"	"3"	"no"	"no"	"no"	"no"	"no"	"no"	"yes"	"yes"	"5"	"4"	"5"	"5"	"5"	"1"	12	NA	8	5
"143"	"GP"	"M"	18	"R"	"LE3"	"T"	"3"	"3"	"other"	"services"	"course"	"mother"	"1"	"2"	"0"	"no"	"yes"	"no"	"no"	"yes"	"yes"	"yes"	"yes"	"4"	"3"	"3"	"1"	"3"	"5"	8	10	9	10
"144"	"GP"	"M"	16	"U"	"GT3"	"T"	"0"	"2"	"other"	"other"	"other"	"mother"	"1"	"1"	"0"	"no"	"no"	"no"	"no"	"no"	"yes"	"yes"	"no"	"4"	"3"	"2"	"2"	"4"	"5"	0	NA	12	11
"145"	"GP"	"M"	18	"U"	"GT3"	"T"	"2"	"1"	"services"	"services"	"other"	"mother"	"1"	"1"	"2"	"no"	"no"	"no"	"no"	"no"	"no"	"yes"	"no"	"3"	"2"	"5"	"2"	"5"	"5"	4	NA	8	6
"146"	"GP"	"M"	16	"R"	"GT3"	"T"	"2"	"1"	"other"	"other"	"course"	"mother"	"2"	"1"	"0"	"no"	"no"	"no"	"yes"	"no"	"yes"	"no"	"no"	"3"	"3"	"2"	"1"	"3"	"3"	2	NA	NA	12
"147"	"GP"	"M"	17	"R"	"GT3"	"T"	"2"	"1"	"other"	"other"	"course"	"mother"	"1"	"1"	"0"	"no"	"no"	"no"	"no"	"no"	"yes"	"yes"	"no"	"4"	"4"	"2"	"2"	"4"	"5"	0	12	12	13
"148"	"GP"	"M"	17	"U"	"LE3"	"T"	"1"	"1"	"health"	"other"	"course"	"mother"	"2"	"1"	"1"	"no"	"yes"	"no"	"yes"	"yes"	"yes"	"yes"	"no"	"4"	"4"	"4"	"1"	"2"	"5"	0	NA	10	10
"149"	"GP"	"F"	18	"U"	"LE3"	"A"	"2"	"1"	"other"	"other"	"course"	"mother"	"1"	"2"	"0"	"no"	"yes"	"no"	"no"	"no"	"yes"	"yes"	"yes"	"4"	"3"	"4"	"1"	"3"	"5"	2	12	NA	13
"150"	"GP"	"M"	16	"U"	"LE3"	"A"	"3"	"4"	"services"	"other"	"home"	"mother"	"1"	"2"	"0"	"yes"	"yes"	"yes"	"yes"	"yes"	"yes"	"yes"	"no"	"5"	"3"	"3"	"1"	"1"	"5"	2	NA	12	13
"151"	"GP"	"F"	17	"U"	"LE3"	"T"	"4"	"2"	"teacher"	"services"	"reputation"	"mother"	"1"	"4"	"0"	"no"	"yes"	"no"	"yes"	"yes"	"yes"	"yes"	"no"	"4"	"2"	"3"	"1"	"1"	"4"	2	NA	NA	17
"152"	"GP"	"F"	19	"U"	"GT3"	"T"	"2"	"2"	"services"	"services"	"home"	"mother"	"1"	"2"	"0"	"no"	"yes"	"no"	"no"	"yes"	"yes"	"yes"	"no"	"4"	"3"	"3"	"1"	"1"	"5"	0	NA	NA	11
"153"	"GP"	"M"	18	"U"	"LE3"	"T"	"2"	"1"	"services"	"other"	"course"	"mother"	"3"	"2"	"1"	"no"	"no"	"no"	"yes"	"no"	"no"	"yes"	"no"	"4"	"4"	"5"	"4"	"4"	"5"	4	11	10	11
"154"	"GP"	"F"	18	"U"	"LE3"	"T"	"1"	"1"	"other"	"at_home"	"home"	"mother"	"1"	"3"	"0"	"no"	"yes"	"no"	"no"	"no"	"yes"	"no"	"no"	"4"	"4"	"3"	"2"	"3"	"3"	4	11	12	14
"155"	"GP"	"F"	18	"R"	"GT3"	"T"	"2"	"2"	"other"	"other"	"home"	"mother"	"1"	"2"	"0"	"yes"	"no"	"no"	"no"	"yes"	"yes"	"no"	"no"	"3"	"2"	"3"	"1"	"1"	"5"	4	11	NA	13
"156"	"GP"	"M"	18	"U"	"GT3"	"T"	"2"	"1"	"other"	"other"	"home"	"mother"	"1"	"2"	"0"	"no"	"no"	"no"	"yes"	"yes"	"yes"	"yes"	"no"	"5"	"2"	"4"	"1"	"2"	"4"	2	16	NA	16
"157"	"GP"	"F"	17	"U"	"LE3"	"T"	"2"	"2"	"services"	"services"	"course"	"father"	"1"	"4"	"0"	"no"	"no"	"no"	"yes"	"yes"	"yes"	"yes"	"yes"	"3"	"4"	"1"	"1"	"1"	"2"	2	10	11	12
"158"	"GP"	"M"	16	"U"	"GT3"	"T"	"4"	"4"	"teacher"	"teacher"	"home"	"mother"	"1"	"2"	"0"	"no"	"yes"	"yes"	"yes"	"yes"	"yes"	"yes"	"yes"	"4"	"4"	"5"	"5"	"5"	"5"	4	12	11	12
"159"	"GP"	"F"	18	"U"	"GT3"	"T"	"4"	"3"	"services"	"other"	"home"	"father"	"1"	"2"	"0"	"no"	"yes"	"no"	"no"	"yes"	"yes"	"yes"	"yes"	"3"	"1"	"2"	"1"	"3"	"2"	2	15	NA	15
"160"	"GP"	"M"	18	"U"	"GT3"	"T"	"4"	"3"	"teacher"	"other"	"course"	"mother"	"1"	"2"	"0"	"no"	"yes"	"no"	"no"	"no"	"yes"	"yes"	"no"	"4"	"3"	"2"	"1"	"1"	"3"	2	10	10	11
"161"	"GP"	"M"	17	"U"	"GT3"	"T"	"2"	"2"	"other"	"other"	"home"	"father"	"2"	"1"	"0"	"no"	"no"	"no"	"no"	"yes"	"no"	"yes"	"no"	"4"	"4"	"4"	"2"	"3"	"4"	8	8	8	9
"162"	"GP"	"M"	17	"U"	"GT3"	"T"	"3"	"1"	"services"	"other"	"other"	"mother"	"1"	"2"	"0"	"no"	"no"	"no"	"yes"	"yes"	"yes"	"yes"	"yes"	"5"	"4"	"4"	"3"	"4"	"5"	0	11	11	14
"163"	"GP"	"F"	18	"R"	"GT3"	"T"	"4"	"4"	"teacher"	"other"	"reputation"	"mother"	"2"	"2"	"0"	"no"	"no"	"no"	"yes"	"yes"	"yes"	"yes"	"no"	"4"	"3"	"4"	"2"	"2"	"4"	8	10	11	12
"164"	"GP"	"M"	15	"U"	"GT3"	"T"	"4"	"4"	"health"	"services"	"home"	"mother"	"1"	"2"	"0"	"no"	"yes"	"yes"	"no"	"no"	"yes"	"yes"	"no"	"5"	"4"	"2"	"3"	"4"	"5"	0	NA	NA	11
"165"	"GP"	"M"	18	"U"	"GT3"	"T"	"4"	"2"	"health"	"other"	"reputation"	"father"	"1"	"2"	"0"	"no"	"yes"	"no"	"yes"	"yes"	"yes"	"yes"	"yes"	"5"	"4"	"5"	"1"	"3"	"5"	4	10	NA	14
"166"	"GP"	"F"	18	"U"	"GT3"	"T"	"2"	"3"	"other"	"services"	"reputation"	"father"	"1"	"4"	"0"	"no"	"yes"	"no"	"yes"	"yes"	"yes"	"yes"	"yes"	"4"	"5"	"5"	"1"	"3"	"2"	10	16	16	16
"167"	"GP"	"M"	17	"R"	"GT3"	"T"	"1"	"2"	"at_home"	"at_home"	"home"	"mother"	"1"	"2"	"0"	"no"	"yes"	"no"	"yes"	"no"	"yes"	"no"	"yes"	"3"	"5"	"2"	"2"	"2"	"1"	2	16	NA	18
"168"	"GP"	"F"	18	"U"	"GT3"	"T"	"2"	"1"	"other"	"other"	"home"	"mother"	"1"	"2"	"0"	"no"	"yes"	"no"	"no"	"yes"	"yes"	"yes"	"yes"	"4"	"2"	"5"	"1"	"2"	"1"	8	NA	14	15
"169"	"GP"	"F"	17	"U"	"GT3"	"T"	"2"	"4"	"at_home"	"health"	"reputation"	"mother"	"2"	"2"	"0"	"no"	"yes"	"no"	"no"	"yes"	"yes"	"yes"	"yes"	"4"	"3"	"3"	"1"	"1"	"1"	6	15	NA	16
"170"	"GP"	"F"	17	"U"	"LE3"	"T"	"2"	"2"	"services"	"other"	"course"	"mother"	"2"	"2"	"0"	"yes"	"yes"	"no"	"no"	"yes"	"yes"	"yes"	"yes"	"4"	"4"	"4"	"2"	"3"	"5"	6	12	NA	12
"171"	"GP"	"F"	18	"R"	"GT3"	"A"	"3"	"2"	"other"	"services"	"home"	"mother"	"2"	"2"	"0"	"no"	"no"	"no"	"no"	"no"	"no"	"yes"	"yes"	"4"	"1"	"1"	"1"	"1"	"5"	15	12	9	10
"172"	"GP"	"M"	15	"U"	"GT3"	"T"	"4"	"4"	"services"	"services"	"reputation"	"mother"	"2"	"2"	"0"	"no"	"yes"	"no"	"yes"	"yes"	"yes"	"yes"	"no"	"4"	"3"	"1"	"1"	"1"	"5"	2	15	NA	15
"173"	"GP"	"M"	18	"U"	"GT3"	"T"	"4"	"4"	"teacher"	"services"	"home"	"mother"	"2"	"1"	"0"	"no"	"no"	"no"	"yes"	"yes"	"yes"	"yes"	"no"	"3"	"2"	"4"	"1"	"4"	"3"	6	11	NA	12
"174"	"GP"	"F"	18	"U"	"GT3"	"T"	"4"	"4"	"health"	"health"	"reputation"	"father"	"1"	"2"	"1"	"yes"	"yes"	"no"	"yes"	"yes"	"yes"	"yes"	"yes"	"2"	"4"	"4"	"1"	"1"	"4"	2	NA	12	13
"175"	"GP"	"F"	17	"U"	"GT3"	"T"	"2"	"2"	"other"	"services"	"reputation"	"father"	"3"	"3"	"0"	"no"	"yes"	"no"	"no"	"yes"	"yes"	"yes"	"yes"	"4"	"2"	"3"	"1"	"1"	"1"	8	NA	15	15
"176"	"GP"	"F"	19	"R"	"GT3"	"T"	"3"	"2"	"services"	"services"	"reputation"	"father"	"1"	"2"	"1"	"yes"	"yes"	"no"	"no"	"yes"	"no"	"yes"	"no"	"3"	"3"	"3"	"4"	"3"	"3"	0	9	8	10
"177"	"GP"	"M"	17	"U"	"LE3"	"A"	"4"	"1"	"services"	"other"	"home"	"mother"	"2"	"1"	"0"	"no"	"no"	"no"	"yes"	"yes"	"yes"	"yes"	"yes"	"4"	"5"	"4"	"2"	"4"	"5"	22	11	11	10
"178"	"GP"	"F"	18	"R"	"LE3"	"T"	"1"	"1"	"at_home"	"other"	"reputation"	"mother"	"2"	"4"	"0"	"no"	"yes"	"no"	"yes"	"yes"	"yes"	"no"	"no"	"5"	"2"	"2"	"1"	"1"	"3"	2	17	NA	18
"179"	"GP"	"M"	15	"R"	"GT3"	"T"	"4"	"3"	"teacher"	"at_home"	"course"	"mother"	"1"	"2"	"0"	"no"	"yes"	"no"	"yes"	"yes"	"yes"	"yes"	"yes"	"4"	"5"	"2"	"1"	"1"	"5"	0	13	NA	15
"180"	"GP"	"F"	17	"U"	"GT3"	"T"	"2"	"2"	"other"	"other"	"course"	"mother"	"1"	"2"	"0"	"no"	"yes"	"no"	"no"	"no"	"yes"	"yes"	"no"	"5"	"4"	"5"	"1"	"2"	"5"	12	NA	NA	14
"181"	"GP"	"M"	18	"U"	"LE3"	"A"	"4"	"4"	"teacher"	"teacher"	"reputation"	"mother"	"1"	"2"	"0"	"no"	"yes"	"no"	"yes"	"yes"	"yes"	"yes"	"no"	"5"	"4"	"3"	"1"	"1"	"2"	0	17	NA	17
"182"	"GP"	"M"	18	"U"	"GT3"	"T"	"4"	"2"	"teacher"	"other"	"home"	"mother"	"1"	"2"	"0"	"no"	"yes"	"no"	"yes"	"yes"	"yes"	"yes"	"yes"	"4"	"3"	"2"	"1"	"4"	"5"	2	15	16	16
"183"	"GP"	"F"	17	"U"	"GT3"	"T"	"4"	"3"	"health"	"services"	"reputation"	"mother"	"1"	"3"	"0"	"no"	"yes"	"no"	"no"	"yes"	"yes"	"yes"	"no"	"4"	"2"	"2"	"1"	"2"	"3"	0	17	NA	18
"184"	"GP"	"F"	17	"R"	"LE3"	"T"	"3"	"1"	"services"	"other"	"reputation"	"mother"	"2"	"4"	"0"	"no"	"yes"	"no"	"no"	"yes"	"yes"	"no"	"no"	"3"	"1"	"2"	"1"	"1"	"3"	0	18	NA	19
"185"	"GP"	"M"	15	"U"	"LE3"	"T"	"3"	"3"	"other"	"other"	"course"	"mother"	"1"	"2"	"0"	"no"	"no"	"no"	"yes"	"no"	"yes"	"yes"	"no"	"5"	"3"	"2"	"1"	"1"	"2"	0	NA	NA	12
"186"	"GP"	"M"	18	"R"	"LE3"	"T"	"3"	"2"	"services"	"other"	"reputation"	"mother"	"2"	"3"	"0"	"no"	"yes"	"no"	"yes"	"yes"	"yes"	"yes"	"no"	"5"	"4"	"2"	"1"	"1"	"4"	0	NA	15	15
"187"	"GP"	"F"	18	"U"	"LE3"	"T"	"4"	"3"	"other"	"other"	"home"	"other"	"2"	"2"	"0"	"no"	"yes"	"no"	"no"	"yes"	"yes"	"yes"	"yes"	"4"	"4"	"5"	"1"	"2"	"2"	0	NA	NA	14
"188"	"GP"	"F"	18	"U"	"GT3"	"T"	"4"	"3"	"other"	"other"	"reputation"	"father"	"1"	"4"	"0"	"no"	"yes"	"no"	"no"	"yes"	"yes"	"yes"	"no"	"4"	"3"	"3"	"1"	"1"	"3"	0	16	NA	17
"189"	"GP"	"F"	18	"U"	"LE3"	"A"	"4"	"4"	"health"	"other"	"home"	"mother"	"1"	"2"	"0"	"no"	"yes"	"yes"	"no"	"yes"	"yes"	"yes"	"yes"	"4"	"2"	"4"	"1"	"1"	"4"	0	14	15	15
"190"	"GP"	"M"	17	"U"	"LE3"	"T"	"4"	"4"	"other"	"teacher"	"home"	"father"	"2"	"1"	"0"	"no"	"no"	"no"	"no"	"yes"	"yes"	"yes"	"no"	"4"	"1"	"1"	"2"	"2"	"5"	0	12	NA	13
"191"	"GP"	"F"	17	"R"	"GT3"	"T"	"4"	"4"	"services"	"services"	"reputation"	"mother"	"2"	"3"	"0"	"no"	"yes"	"no"	"yes"	"yes"	"yes"	"yes"	"no"	"5"	"3"	"4"	"1"	"1"	"5"	0	7	7	8
"192"	"GP"	"F"	17	"U"	"GT3"	"T"	"4"	"2"	"other"	"other"	"reputation"	"mother"	"2"	"3"	"0"	"no"	"yes"	"no"	"no"	"yes"	"yes"	"yes"	"no"	"4"	"3"	"3"	"1"	"1"	"3"	0	16	NA	16
"193"	"GP"	"F"	17	"U"	"GT3"	"T"	"3"	"2"	"health"	"health"	"reputation"	"father"	"1"	"4"	"0"	"no"	"yes"	"no"	"yes"	"no"	"yes"	"yes"	"no"	"5"	"2"	"2"	"1"	"2"	"5"	0	18	NA	18
"194"	"GP"	"M"	19	"R"	"LE3"	"T"	"2"	"1"	"at_home"	"services"	"course"	"mother"	"2"	"3"	"1"	"no"	"no"	"no"	"yes"	"yes"	"yes"	"yes"	"yes"	"4"	"3"	"1"	"1"	"1"	"5"	0	9	10	11
"195"	"GP"	"M"	20	"U"	"GT3"	"A"	"3"	"2"	"services"	"other"	"course"	"other"	"1"	"1"	"2"	"no"	"no"	"no"	"yes"	"yes"	"yes"	"no"	"no"	"5"	"5"	"3"	"1"	"1"	"5"	0	14	NA	15
"196"	"GP"	"M"	19	"R"	"GT3"	"T"	"3"	"3"	"other"	"services"	"reputation"	"father"	"1"	"2"	"0"	"no"	"no"	"no"	"yes"	"yes"	"yes"	"no"	"yes"	"4"	"5"	"3"	"1"	"2"	"5"	0	NA	10	11
"197"	"GP"	"F"	18	"U"	"GT3"	"T"	"1"	"4"	"other"	"teacher"	"home"	"mother"	"1"	"2"	"0"	"yes"	"yes"	"no"	"no"	"no"	"yes"	"no"	"yes"	"3"	"4"	"4"	"1"	"2"	"5"	2	10	NA	11
"198"	"GP"	"F"	18	"U"	"GT3"	"T"	"2"	"1"	"services"	"other"	"course"	"mother"	"2"	"2"	"0"	"no"	"yes"	"no"	"yes"	"yes"	"yes"	"yes"	"no"	"5"	"3"	"3"	"1"	"2"	"1"	2	12	NA	15
"199"	"GP"	"F"	17	"R"	"GT3"	"T"	"4"	"4"	"teacher"	"teacher"	"course"	"mother"	"1"	"1"	"0"	"no"	"no"	"no"	"yes"	"yes"	"yes"	"yes"	"no"	"4"	"4"	"4"	"1"	"1"	"5"	2	15	NA	17
"200"	"GP"	"F"	18	"U"	"GT3"	"T"	"4"	"3"	"other"	"other"	"course"	"mother"	"1"	"3"	"0"	"no"	"yes"	"no"	"yes"	"yes"	"yes"	"yes"	"yes"	"4"	"3"	"4"	"1"	"1"	"5"	2	14	NA	17
"201"	"GP"	"F"	18	"U"	"LE3"	"T"	"4"	"3"	"health"	"services"	"course"	"mother"	"2"	"1"	"0"	"no"	"yes"	"no"	"no"	"yes"	"yes"	"yes"	"no"	"3"	"2"	"4"	"1"	"4"	"1"	8	12	12	15
"202"	"GP"	"F"	15	"U"	"GT3"	"T"	"2"	"3"	"other"	"other"	"other"	"father"	"2"	"1"	"0"	"no"	"yes"	"no"	"yes"	"yes"	"yes"	"no"	"no"	"3"	"5"	"1"	"1"	"1"	"5"	4	11	NA	11
"203"	"GP"	"F"	17	"R"	"GT3"	"T"	"3"	"4"	"at_home"	"services"	"course"	"father"	"1"	"3"	"0"	"no"	"yes"	"no"	"yes"	"no"	"yes"	"yes"	"no"	"4"	"3"	"4"	"2"	"5"	"5"	2	15	NA	17
"204"	"GP"	"F"	18	"U"	"GT3"	"T"	"3"	"3"	"at_home"	"other"	"course"	"father"	"1"	"2"	"0"	"no"	"yes"	"no"	"no"	"yes"	"yes"	"yes"	"no"	"4"	"1"	"4"	"1"	"1"	"3"	8	NA	12	14
"205"	"GP"	"M"	19	"U"	"GT3"	"T"	"4"	"2"	"health"	"other"	"course"	"mother"	"2"	"2"	"0"	"no"	"yes"	"no"	"yes"	"yes"	"yes"	"yes"	"yes"	"5"	"4"	"4"	"1"	"1"	"1"	9	11	10	10
"206"	"GP"	"F"	18	"U"	"GT3"	"T"	"4"	"4"	"teacher"	"other"	"course"	"mother"	"1"	"2"	"0"	"no"	"yes"	"no"	"no"	"yes"	"yes"	"yes"	"no"	"4"	"4"	"4"	"3"	"3"	"5"	0	NA	11	13
"207"	"GP"	"F"	17	"U"	"GT3"	"A"	"4"	"3"	"services"	"services"	"course"	"mother"	"1"	"2"	"0"	"no"	"yes"	"no"	"no"	"yes"	"yes"	"yes"	"yes"	"5"	"2"	"2"	"1"	"2"	"5"	14	15	NA	17
"208"	"GP"	"F"	17	"U"	"LE3"	"A"	"3"	"3"	"services"	"other"	"home"	"mother"	"1"	"2"	"0"	"yes"	"yes"	"no"	"no"	"yes"	"yes"	"yes"	"no"	"5"	"3"	"3"	"1"	"1"	"5"	0	12	12	13
"209"	"GP"	"F"	17	"U"	"LE3"	"T"	"2"	"1"	"other"	"other"	"home"	"father"	"1"	"2"	"0"	"no"	"no"	"no"	"yes"	"yes"	"yes"	"yes"	"no"	"4"	"2"	"3"	"2"	"2"	"2"	2	11	NA	14
"210"	"GP"	"M"	18	"U"	"LE3"	"T"	"4"	"4"	"other"	"other"	"reputation"	"father"	"1"	"1"	"0"	"no"	"yes"	"no"	"no"	"yes"	"yes"	"yes"	"no"	"4"	"2"	"5"	"3"	"4"	"5"	2	8	9	11
"211"	"GP"	"M"	15	"U"	"LE3"	"T"	"4"	"3"	"teacher"	"services"	"home"	"mother"	"1"	"3"	"0"	"no"	"yes"	"no"	"yes"	"yes"	"yes"	"yes"	"no"	"5"	"4"	"3"	"1"	"1"	"4"	0	14	NA	14
"212"	"GP"	"F"	19	"U"	"GT3"	"T"	"1"	"1"	"other"	"other"	"course"	"other"	"3"	"3"	"0"	"no"	"no"	"no"	"yes"	"yes"	"no"	"no"	"yes"	"1"	"5"	"5"	"4"	"3"	"5"	12	10	10	11
"213"	"GP"	"F"	17	"U"	"GT3"	"T"	"2"	"2"	"other"	"other"	"course"	"mother"	"1"	"2"	"0"	"no"	"yes"	"no"	"no"	"yes"	"yes"	"no"	"yes"	"4"	"2"	"2"	"1"	"1"	"3"	4	14	NA	13
"214"	"GP"	"F"	17	"R"	"LE3"	"T"	"2"	"2"	"services"	"services"	"course"	"mother"	"1"	"3"	"0"	"no"	"yes"	"no"	"yes"	"yes"	"yes"	"yes"	"no"	"3"	"3"	"2"	"2"	"2"	"3"	0	11	11	10
"215"	"GP"	"F"	17	"U"	"GT3"	"T"	"3"	"1"	"services"	"services"	"course"	"father"	"1"	"3"	"0"	"no"	"yes"	"no"	"no"	"no"	"yes"	"yes"	"no"	"3"	"4"	"3"	"2"	"3"	"5"	0	17	NA	17
"216"	"GP"	"F"	18	"U"	"GT3"	"T"	"1"	"1"	"other"	"other"	"home"	"mother"	"2"	"3"	"0"	"no"	"no"	"no"	"yes"	"yes"	"yes"	"yes"	"no"	"4"	"5"	"5"	"1"	"2"	"2"	0	NA	NA	14
"217"	"GP"	"M"	18	"U"	"GT3"	"T"	"4"	"4"	"other"	"other"	"course"	"mother"	"1"	"3"	"0"	"no"	"no"	"no"	"yes"	"yes"	"yes"	"yes"	"no"	"4"	"3"	"3"	"2"	"2"	"3"	0	13	NA	13
"218"	"GP"	"M"	16	"R"	"GT3"	"A"	"4"	"4"	"other"	"teacher"	"reputation"	"mother"	"2"	"3"	"0"	"no"	"yes"	"no"	"yes"	"yes"	"yes"	"yes"	"yes"	"2"	"4"	"3"	"1"	"1"	"5"	4	13	13	13
"219"	"GP"	"F"	17	"U"	"GT3"	"T"	"4"	"4"	"teacher"	"services"	"course"	"mother"	"1"	"3"	"0"	"no"	"yes"	"no"	"yes"	"yes"	"yes"	"yes"	"no"	"5"	"4"	"4"	"1"	"3"	"4"	0	NA	12	13
"220"	"GP"	"M"	19	"R"	"GT3"	"T"	"3"	"2"	"at_home"	"services"	"home"	"other"	"1"	"1"	"0"	"no"	"yes"	"no"	"no"	"no"	"yes"	"no"	"yes"	"5"	"3"	"4"	"2"	"2"	"5"	0	11	10	10
"221"	"GP"	"F"	18	"U"	"GT3"	"T"	"2"	"2"	"at_home"	"other"	"course"	"mother"	"4"	"2"	"0"	"no"	"no"	"no"	"yes"	"yes"	"yes"	"no"	"yes"	"4"	"2"	"5"	"1"	"1"	"2"	2	NA	9	10
"222"	"GP"	"F"	17	"R"	"GT3"	"T"	"2"	"4"	"at_home"	"other"	"course"	"father"	"1"	"3"	"0"	"no"	"yes"	"no"	"no"	"yes"	"yes"	"yes"	"yes"	"4"	"4"	"3"	"1"	"1"	"5"	0	15	NA	15
"223"	"GP"	"M"	18	"U"	"GT3"	"T"	"2"	"2"	"other"	"other"	"reputation"	"mother"	"1"	"1"	"0"	"no"	"no"	"no"	"no"	"no"	"yes"	"yes"	"no"	"5"	"4"	"2"	"1"	"2"	"5"	6	15	14	15
"224"	"GP"	"F"	18	"U"	"GT3"	"T"	"3"	"3"	"services"	"services"	"home"	"mother"	"1"	"2"	"0"	"no"	"no"	"no"	"yes"	"yes"	"yes"	"yes"	"no"	"5"	"3"	"4"	"1"	"1"	"4"	8	NA	11	12
"225"	"GP"	"F"	15	"R"	"GT3"	"T"	"3"	"4"	"services"	"health"	"course"	"mother"	"1"	"3"	"0"	"yes"	"yes"	"no"	"yes"	"yes"	"yes"	"yes"	"no"	"4"	"3"	"2"	"1"	"1"	"5"	2	11	12	12
"226"	"GP"	"F"	18	"U"	"LE3"	"T"	"2"	"2"	"other"	"other"	"home"	"other"	"1"	"2"	"0"	"no"	"no"	"no"	"yes"	"no"	"yes"	"yes"	"yes"	"4"	"3"	"3"	"1"	"1"	"2"	0	10	NA	12
"227"	"GP"	"F"	18	"R"	"GT3"	"T"	"2"	"2"	"at_home"	"other"	"course"	"mother"	"2"	"4"	"0"	"no"	"no"	"no"	"yes"	"yes"	"yes"	"no"	"no"	"4"	"4"	"4"	"1"	"1"	"4"	6	14	NA	14
"228"	"GP"	"F"	17	"U"	"GT3"	"T"	"3"	"4"	"services"	"other"	"course"	"mother"	"1"	"3"	"0"	"no"	"no"	"no"	"no"	"yes"	"yes"	"yes"	"no"	"4"	"4"	"5"	"1"	"3"	"5"	8	NA	13	14
"229"	"GP"	"F"	17	"U"	"GT3"	"T"	"3"	"2"	"other"	"other"	"home"	"mother"	"1"	"2"	"0"	"no"	"yes"	"no"	"no"	"yes"	"yes"	"yes"	"yes"	"4"	"3"	"2"	"2"	"3"	"2"	0	NA	NA	15
"230"	"GP"	"M"	18	"U"	"GT3"	"T"	"4"	"4"	"teacher"	"services"	"home"	"father"	"1"	"2"	"0"	"no"	"yes"	"no"	"yes"	"yes"	"yes"	"yes"	"no"	"4"	"3"	"3"	"2"	"2"	"2"	0	12	NA	13
"231"	"GP"	"M"	18	"U"	"LE3"	"T"	"3"	"4"	"services"	"other"	"home"	"mother"	"1"	"2"	"0"	"no"	"no"	"no"	"yes"	"yes"	"yes"	"yes"	"yes"	"4"	"3"	"3"	"1"	"3"	"5"	6	16	NA	17
"232"	"GP"	"F"	17	"U"	"GT3"	"A"	"2"	"2"	"at_home"	"at_home"	"home"	"father"	"1"	"2"	"0"	"no"	"yes"	"no"	"no"	"yes"	"yes"	"yes"	"yes"	"3"	"3"	"1"	"1"	"2"	"4"	18	10	NA	14
"233"	"GP"	"F"	15	"U"	"GT3"	"T"	"4"	"2"	"health"	"services"	"home"	"mother"	"1"	"3"	"0"	"no"	"yes"	"no"	"yes"	"yes"	"yes"	"yes"	"yes"	"3"	"2"	"2"	"1"	"1"	"5"	0	14	14	14
"234"	"GP"	"F"	15	"R"	"GT3"	"T"	"2"	"2"	"at_home"	"other"	"reputation"	"mother"	"1"	"1"	"0"	"yes"	"yes"	"no"	"yes"	"yes"	"yes"	"no"	"no"	"4"	"3"	"1"	"1"	"1"	"2"	8	14	13	12
"235"	"GP"	"M"	18	"R"	"GT3"	"T"	"4"	"3"	"teacher"	"services"	"course"	"mother"	"1"	"3"	"0"	"no"	"no"	"no"	"no"	"yes"	"yes"	"yes"	"yes"	"5"	"3"	"2"	"1"	"2"	"4"	4	15	NA	17
"236"	"GP"	"M"	18	"U"	"GT3"	"T"	"4"	"3"	"teacher"	"other"	"course"	"mother"	"1"	"3"	"0"	"no"	"yes"	"no"	"no"	"yes"	"yes"	"yes"	"yes"	"5"	"4"	"5"	"2"	"3"	"5"	0	14	NA	14
"237"	"GP"	"F"	17	"U"	"GT3"	"T"	"3"	"1"	"other"	"at_home"	"home"	"mother"	"1"	"1"	"1"	"no"	"yes"	"yes"	"no"	"yes"	"yes"	"yes"	"yes"	"4"	"1"	"2"	"1"	"1"	"3"	6	10	NA	13
"238"	"GP"	"F"	21	"U"	"LE3"	"T"	"4"	"4"	"other"	"other"	"reputation"	"other"	"1"	"3"	"2"	"no"	"no"	"yes"	"yes"	"yes"	"yes"	"yes"	"no"	"3"	"3"	"2"	"1"	"1"	"5"	0	9	12	12
"239"	"GP"	"M"	18	"U"	"LE3"	"T"	"2"	"2"	"services"	"services"	"reputation"	"mother"	"1"	"2"	"0"	"no"	"yes"	"no"	"yes"	"no"	"no"	"yes"	"no"	"4"	"4"	"4"	"1"	"3"	"3"	11	9	11	12
"240"	"GP"	"F"	16	"U"	"LE3"	"T"	"2"	"2"	"other"	"other"	"home"	"mother"	"2"	"2"	"0"	"no"	"yes"	"no"	"yes"	"no"	"yes"	"yes"	"yes"	"3"	"3"	"3"	"1"	"2"	"3"	16	11	11	10
"241"	"GP"	"M"	17	"U"	"LE3"	"A"	"4"	"4"	"health"	"other"	"reputation"	"mother"	"1"	"3"	"0"	"no"	"yes"	"no"	"no"	"yes"	"yes"	"yes"	"no"	"4"	"4"	"2"	"1"	"2"	"4"	2	12	NA	15
"242"	"GP"	"F"	18	"U"	"LE3"	"T"	"4"	"2"	"teacher"	"other"	"course"	"mother"	"1"	"2"	"0"	"no"	"yes"	"no"	"yes"	"yes"	"yes"	"yes"	"no"	"4"	"2"	"2"	"1"	"1"	"3"	0	14	NA	17
"243"	"GP"	"M"	21	"R"	"LE3"	"T"	"1"	"1"	"at_home"	"other"	"course"	"other"	"2"	"2"	"2"	"no"	"yes"	"no"	"yes"	"yes"	"no"	"yes"	"yes"	"5"	"3"	"3"	"5"	"2"	"4"	21	9	10	10
"244"	"GP"	"F"	20	"R"	"GT3"	"T"	"1"	"1"	"other"	"other"	"reputation"	"other"	"2"	"3"	"0"	"no"	"no"	"no"	"no"	"yes"	"yes"	"yes"	"yes"	"3"	"2"	"2"	"1"	"3"	"3"	8	NA	NA	15
"245"	"GP"	"F"	19	"U"	"GT3"	"T"	"4"	"4"	"teacher"	"other"	"home"	"other"	"1"	"1"	"1"	"no"	"yes"	"no"	"no"	"yes"	"yes"	"yes"	"yes"	"3"	"2"	"5"	"4"	"4"	"5"	5	9	10	11
"246"	"GP"	"M"	17	"U"	"LE3"	"A"	"3"	"2"	"other"	"other"	"reputation"	"mother"	"1"	"2"	"0"	"no"	"yes"	"no"	"no"	"yes"	"yes"	"yes"	"no"	"4"	"4"	"4"	"1"	"2"	"5"	10	16	NA	18
"247"	"GP"	"M"	18	"R"	"GT3"	"T"	"2"	"3"	"other"	"services"	"reputation"	"father"	"1"	"1"	"0"	"no"	"no"	"no"	"no"	"yes"	"yes"	"yes"	"no"	"3"	"1"	"3"	"4"	"5"	"4"	13	13	NA	14
"248"	"GP"	"F"	18	"U"	"LE3"	"A"	"2"	"2"	"services"	"other"	"reputation"	"mother"	"2"	"2"	"0"	"no"	"yes"	"no"	"no"	"yes"	"yes"	"yes"	"no"	"4"	"1"	"4"	"1"	"3"	"4"	10	14	NA	17
"249"	"GP"	"F"	20	"U"	"GT3"	"T"	"1"	"0"	"other"	"other"	"reputation"	"mother"	"2"	"1"	"1"	"yes"	"no"	"no"	"no"	"yes"	"yes"	"yes"	"yes"	"5"	"3"	"1"	"1"	"1"	"5"	5	8	10	10
"250"	"GP"	"F"	18	"U"	"GT3"	"T"	"3"	"2"	"services"	"other"	"home"	"mother"	"1"	"2"	"0"	"no"	"yes"	"no"	"yes"	"no"	"yes"	"yes"	"yes"	"3"	"1"	"2"	"1"	"2"	"1"	4	10	13	13
"251"	"MS"	"F"	16	"U"	"GT3"	"T"	"1"	"3"	"at_home"	"other"	"other"	"father"	"2"	"1"	"0"	"no"	"yes"	"no"	"no"	"yes"	"no"	"yes"	"yes"	"4"	"3"	"3"	"1"	"3"	"5"	11	NA	11	11
"252"	"MS"	"F"	16	"R"	"GT3"	"T"	"2"	"2"	"other"	"other"	"course"	"mother"	"2"	"2"	"0"	"no"	"yes"	"no"	"yes"	"yes"	"yes"	"yes"	"no"	"4"	"4"	"4"	"1"	"1"	"5"	0	NA	12	12
"253"	"MS"	"F"	15	"R"	"GT3"	"T"	"1"	"1"	"at_home"	"services"	"other"	"mother"	"1"	"1"	"1"	"no"	"yes"	"no"	"no"	"yes"	"yes"	"no"	"yes"	"4"	"1"	"3"	"1"	"1"	"2"	6	10	NA	10
"254"	"MS"	"F"	15	"R"	"GT3"	"T"	"3"	"3"	"at_home"	"other"	"course"	"mother"	"2"	"1"	"0"	"no"	"yes"	"no"	"no"	"yes"	"yes"	"yes"	"no"	"5"	"4"	"4"	"2"	"3"	"5"	4	10	10	11
"255"	"MS"	"F"	16	"R"	"GT3"	"T"	"2"	"3"	"at_home"	"services"	"course"	"mother"	"2"	"2"	"0"	"no"	"no"	"no"	"no"	"yes"	"yes"	"no"	"no"	"4"	"5"	"2"	"1"	"2"	"5"	0	16	17	17
"256"	"MS"	"F"	15	"R"	"LE3"	"T"	"2"	"1"	"at_home"	"other"	"home"	"mother"	"2"	"1"	"0"	"no"	"no"	"no"	"no"	"yes"	"no"	"no"	"no"	"1"	"3"	"4"	"1"	"1"	"1"	0	6	8	9
"257"	"MS"	"M"	16	"R"	"LE3"	"A"	"4"	"4"	"at_home"	"other"	"home"	"mother"	"1"	"2"	"0"	"no"	"yes"	"no"	"no"	"yes"	"yes"	"no"	"no"	"5"	"3"	"2"	"1"	"3"	"2"	5	10	11	11
"258"	"MS"	"M"	16	"U"	"GT3"	"A"	"1"	"2"	"other"	"other"	"other"	"mother"	"1"	"3"	"0"	"yes"	"no"	"no"	"no"	"yes"	"yes"	"yes"	"no"	"4"	"4"	"3"	"1"	"1"	"5"	0	NA	11	11
"259"	"MS"	"F"	17	"R"	"GT3"	"T"	"3"	"2"	"at_home"	"other"	"course"	"father"	"1"	"2"	"1"	"no"	"no"	"no"	"no"	"yes"	"yes"	"no"	"yes"	"4"	"5"	"4"	"1"	"2"	"5"	0	NA	NA	10
"260"	"MS"	"F"	15	"R"	"GT3"	"T"	"4"	"4"	"teacher"	"other"	"course"	"mother"	"2"	"1"	"0"	"no"	"no"	"no"	"no"	"yes"	"yes"	"yes"	"yes"	"1"	"5"	"1"	"3"	"5"	"5"	0	NA	14	14
"261"	"MS"	"F"	16	"U"	"LE3"	"A"	"2"	"2"	"at_home"	"other"	"reputation"	"mother"	"2"	"4"	"0"	"no"	"no"	"no"	"yes"	"no"	"no"	"no"	"yes"	"1"	"2"	"1"	"1"	"1"	"1"	4	10	9	11
"262"	"MS"	"F"	15	"R"	"LE3"	"T"	"1"	"1"	"at_home"	"services"	"reputation"	"father"	"2"	"2"	"0"	"no"	"yes"	"no"	"no"	"yes"	"yes"	"yes"	"no"	"5"	"4"	"3"	"1"	"2"	"4"	0	10	10	10
"263"	"MS"	"F"	15	"R"	"LE3"	"T"	"1"	"1"	"other"	"services"	"course"	"mother"	"2"	"1"	"1"	"no"	"yes"	"no"	"no"	"yes"	"yes"	"yes"	"yes"	"4"	"4"	"3"	"1"	"2"	"2"	4	NA	7	8
"264"	"MS"	"F"	16	"R"	"GT3"	"T"	"0"	"2"	"other"	"other"	"other"	"mother"	"2"	"1"	"0"	"no"	"yes"	"no"	"yes"	"yes"	"yes"	"no"	"no"	"3"	"2"	"3"	"1"	"2"	"2"	0	NA	11	12
"265"	"MS"	"F"	17	"R"	"GT3"	"T"	"2"	"3"	"other"	"other"	"course"	"mother"	"2"	"1"	"0"	"no"	"yes"	"no"	"no"	"yes"	"yes"	"yes"	"no"	"5"	"5"	"5"	"1"	"3"	"3"	2	10	11	12
"266"	"MS"	"M"	17	"U"	"GT3"	"T"	"1"	"1"	"other"	"other"	"home"	"mother"	"1"	"2"	"0"	"no"	"no"	"yes"	"no"	"no"	"yes"	"yes"	"no"	"4"	"4"	"3"	"2"	"4"	"5"	4	8	9	9
"267"	"MS"	"M"	15	"R"	"LE3"	"T"	"4"	"1"	"health"	"services"	"reputation"	"father"	"1"	"2"	"0"	"no"	"yes"	"no"	"yes"	"yes"	"yes"	"yes"	"no"	"5"	"3"	"4"	"1"	"2"	"2"	0	12	13	14
"268"	"MS"	"M"	15	"R"	"LE3"	"T"	"4"	"1"	"health"	"services"	"reputation"	"father"	"1"	"2"	"0"	"no"	"yes"	"no"	"yes"	"yes"	"yes"	"yes"	"no"	"5"	"3"	"4"	"1"	"2"	"2"	7	7	9	8
"269"	"MS"	"M"	17	"R"	"GT3"	"T"	"2"	"1"	"other"	"other"	"other"	"mother"	"3"	"1"	"0"	"no"	"no"	"no"	"yes"	"yes"	"no"	"no"	"yes"	"5"	"5"	"5"	"5"	"5"	"3"	8	NA	10	9
"270"	"MS"	"F"	16	"R"	"GT3"	"T"	"4"	"4"	"teacher"	"teacher"	"course"	"mother"	"2"	"3"	"0"	"no"	"no"	"no"	"yes"	"yes"	"yes"	"yes"	"yes"	"4"	"2"	"2"	"1"	"1"	"4"	6	NA	16	17
"271"	"GP"	"F"	16	"U"	"LE3"	"T"	"2"	"2"	"other"	"at_home"	"course"	"father"	"2"	"2"	"1"	"yes"	"no"	"no"	"yes"	"yes"	"yes"	"yes"	"no"	"4"	"3"	"3"	"2"	"2"	"5"	14	NA	11	11
"272"	"MS"	"F"	16	"R"	"GT3"	"T"	"2"	"3"	"other"	"services"	"course"	"mother"	"3"	"2"	"0"	"no"	"yes"	"no"	"no"	"yes"	"yes"	"yes"	"no"	"4"	"5"	"4"	"1"	"2"	"1"	2	15	NA	15
"273"	"MS"	"F"	16	"U"	"GT3"	"T"	"1"	"2"	"other"	"services"	"course"	"mother"	"1"	"3"	"1"	"no"	"yes"	"no"	"no"	"yes"	"yes"	"no"	"no"	"1"	"3"	"2"	"1"	"2"	"4"	3	9	8	8
"274"	"MS"	"F"	15	"U"	"GT3"	"T"	"2"	"1"	"at_home"	"other"	"home"	"mother"	"1"	"2"	"0"	"yes"	"yes"	"no"	"no"	"no"	"yes"	"yes"	"no"	"4"	"4"	"2"	"3"	"3"	"2"	0	9	10	9
"275"	"MS"	"F"	16	"U"	"GT3"	"T"	"1"	"1"	"at_home"	"other"	"course"	"father"	"1"	"2"	"0"	"no"	"yes"	"no"	"no"	"no"	"yes"	"no"	"yes"	"5"	"4"	"3"	"2"	"1"	"2"	0	13	14	15
"276"	"MS"	"M"	17	"R"	"LE3"	"T"	"1"	"2"	"at_home"	"services"	"reputation"	"mother"	"1"	"1"	"0"	"no"	"yes"	"no"	"yes"	"yes"	"yes"	"yes"	"no"	"5"	"5"	"5"	"5"	"5"	"3"	4	NA	11	11
"277"	"MS"	"F"	16	"R"	"GT3"	"T"	"1"	"1"	"other"	"other"	"home"	"father"	"4"	"4"	"0"	"no"	"yes"	"no"	"no"	"no"	"yes"	"yes"	"no"	"4"	"3"	"2"	"1"	"1"	"1"	0	NA	NA	13
"278"	"MS"	"F"	16	"R"	"GT3"	"T"	"1"	"1"	"at_home"	"other"	"other"	"father"	"4"	"3"	"0"	"yes"	"yes"	"no"	"no"	"yes"	"yes"	"no"	"no"	"4"	"4"	"3"	"1"	"1"	"5"	2	10	9	10
"279"	"MS"	"F"	15	"R"	"GT3"	"T"	"1"	"1"	"at_home"	"other"	"home"	"father"	"2"	"2"	"0"	"no"	"yes"	"no"	"yes"	"yes"	"yes"	"yes"	"no"	"4"	"3"	"3"	"1"	"1"	"2"	1	11	10	11
"280"	"MS"	"F"	16	"R"	"GT3"	"T"	"1"	"1"	"at_home"	"other"	"other"	"mother"	"2"	"1"	"0"	"no"	"no"	"no"	"yes"	"yes"	"yes"	"yes"	"yes"	"4"	"2"	"2"	"4"	"3"	"2"	0	13	12	14
"281"	"MS"	"F"	15	"R"	"GT3"	"T"	"1"	"1"	"at_home"	"at_home"	"course"	"father"	"3"	"2"	"0"	"no"	"yes"	"no"	"no"	"yes"	"yes"	"no"	"no"	"4"	"2"	"1"	"1"	"2"	"2"	0	13	14	14
"282"	"MS"	"M"	15	"U"	"GT3"	"T"	"3"	"1"	"other"	"services"	"home"	"mother"	"2"	"1"	"0"	"no"	"yes"	"no"	"no"	"yes"	"yes"	"no"	"no"	"3"	"2"	"3"	"1"	"3"	"4"	0	10	9	11
"283"	"MS"	"F"	16	"R"	"GT3"	"T"	"2"	"2"	"other"	"services"	"course"	"father"	"3"	"2"	"0"	"no"	"yes"	"no"	"yes"	"yes"	"yes"	"yes"	"no"	"5"	"3"	"4"	"1"	"1"	"2"	1	14	NA	14
"284"	"MS"	"M"	15	"U"	"GT3"	"T"	"2"	"2"	"health"	"other"	"reputation"	"mother"	"3"	"1"	"0"	"no"	"no"	"no"	"no"	"yes"	"yes"	"no"	"no"	"4"	"3"	"3"	"1"	"2"	"4"	1	13	12	13
"285"	"GP"	"F"	16	"U"	"LE3"	"A"	"3"	"3"	"other"	"services"	"home"	"mother"	"1"	"2"	"0"	"no"	"yes"	"no"	"no"	"yes"	"yes"	"yes"	"no"	"2"	"3"	"5"	"1"	"4"	"3"	6	13	NA	13
"286"	"MS"	"F"	16	"R"	"GT3"	"T"	"2"	"2"	"at_home"	"other"	"course"	"mother"	"2"	"2"	"1"	"no"	"yes"	"no"	"yes"	"no"	"yes"	"no"	"no"	"4"	"4"	"4"	"2"	"3"	"5"	2	12	11	12
"287"	"MS"	"F"	16	"R"	"LE3"	"T"	"2"	"2"	"other"	"other"	"home"	"father"	"3"	"1"	"0"	"no"	"yes"	"no"	"yes"	"yes"	"yes"	"no"	"yes"	"4"	"3"	"2"	"1"	"1"	"4"	0	14	NA	16
"288"	"MS"	"F"	15	"U"	"GT3"	"T"	"2"	"2"	"other"	"services"	"course"	"mother"	"2"	"3"	"0"	"no"	"yes"	"no"	"yes"	"yes"	"yes"	"no"	"no"	"5"	"3"	"2"	"1"	"1"	"4"	0	12	13	14
"289"	"MS"	"F"	16	"R"	"LE3"	"T"	"2"	"1"	"other"	"other"	"home"	"mother"	"1"	"1"	"0"	"no"	"yes"	"no"	"no"	"yes"	"yes"	"yes"	"yes"	"5"	"4"	"3"	"1"	"1"	"5"	2	10	8	8
"290"	"GP"	"M"	16	"U"	"GT3"	"T"	"4"	"3"	"health"	"services"	"reputation"	"mother"	"1"	"4"	"0"	"no"	"no"	"no"	"yes"	"yes"	"yes"	"yes"	"no"	"4"	"2"	"2"	"1"	"1"	"2"	2	17	NA	17
"291"	"MS"	"F"	17	"U"	"GT3"	"T"	"2"	"2"	"other"	"at_home"	"course"	"mother"	"1"	"1"	"0"	"no"	"yes"	"no"	"yes"	"yes"	"no"	"no"	"no"	"4"	"5"	"3"	"1"	"1"	"5"	4	NA	9	10
"292"	"MS"	"F"	19	"U"	"GT3"	"T"	"2"	"3"	"at_home"	"services"	"course"	"other"	"1"	"1"	"1"	"no"	"no"	"no"	"no"	"yes"	"no"	"yes"	"yes"	"4"	"4"	"4"	"1"	"1"	"2"	0	9	9	10
"293"	"MS"	"F"	15	"R"	"LE3"	"T"	"1"	"1"	"at_home"	"other"	"course"	"mother"	"2"	"1"	"0"	"no"	"yes"	"no"	"no"	"yes"	"no"	"no"	"yes"	"5"	"2"	"1"	"1"	"3"	"4"	0	NA	10	9
"294"	"MS"	"F"	16	"R"	"GT3"	"T"	"2"	"2"	"other"	"other"	"course"	"father"	"3"	"2"	"0"	"no"	"yes"	"no"	"no"	"yes"	"no"	"yes"	"no"	"3"	"4"	"5"	"1"	"2"	"1"	1	NA	10	11
"295"	"MS"	"F"	16	"U"	"LE3"	"A"	"2"	"2"	"other"	"other"	"home"	"mother"	"1"	"1"	"0"	"no"	"yes"	"no"	"no"	"yes"	"no"	"no"	"no"	"4"	"3"	"4"	"1"	"2"	"1"	6	7	7	8
"296"	"MS"	"F"	17	"R"	"GT3"	"T"	"2"	"2"	"at_home"	"other"	"course"	"mother"	"2"	"2"	"0"	"no"	"yes"	"no"	"no"	"yes"	"yes"	"yes"	"no"	"4"	"3"	"5"	"1"	"2"	"4"	0	11	NA	11
"297"	"MS"	"F"	18	"R"	"LE3"	"A"	"3"	"2"	"other"	"other"	"course"	"other"	"2"	"3"	"2"	"no"	"yes"	"no"	"no"	"no"	"no"	"no"	"yes"	"3"	"3"	"2"	"1"	"1"	"2"	6	7	9	10
"298"	"GP"	"M"	15	"U"	"GT3"	"T"	"4"	"2"	"teacher"	"other"	"home"	"mother"	"1"	"2"	"0"	"no"	"yes"	"no"	"no"	"yes"	"yes"	"no"	"no"	"4"	"3"	"3"	"2"	"2"	"5"	4	NA	NA	13
"299"	"MS"	"M"	18	"R"	"GT3"	"T"	"1"	"1"	"other"	"other"	"home"	"mother"	"2"	"1"	"1"	"no"	"no"	"no"	"yes"	"yes"	"no"	"yes"	"no"	"4"	"4"	"3"	"3"	"4"	"4"	0	8	9	10
"300"	"MS"	"F"	17	"U"	"GT3"	"T"	"0"	"1"	"other"	"at_home"	"course"	"father"	"2"	"1"	"0"	"no"	"no"	"no"	"yes"	"no"	"yes"	"no"	"no"	"2"	"4"	"4"	"3"	"5"	"5"	5	9	9	10
"301"	"MS"	"F"	16	"R"	"LE3"	"T"	"1"	"2"	"at_home"	"other"	"course"	"mother"	"1"	"2"	"0"	"no"	"no"	"no"	"yes"	"yes"	"no"	"yes"	"no"	"4"	"4"	"5"	"1"	"3"	"3"	0	NA	9	9
"302"	"MS"	"F"	16	"U"	"GT3"	"T"	"3"	"3"	"other"	"other"	"reputation"	"mother"	"1"	"1"	"0"	"no"	"no"	"no"	"yes"	"yes"	"no"	"yes"	"yes"	"4"	"5"	"4"	"1"	"1"	"4"	0	14	13	13
"303"	"MS"	"M"	17	"U"	"GT3"	"T"	"3"	"3"	"services"	"at_home"	"course"	"mother"	"2"	"4"	"1"	"no"	"yes"	"yes"	"yes"	"yes"	"yes"	"no"	"no"	"5"	"4"	"5"	"3"	"4"	"5"	0	10	11	10
"304"	"MS"	"F"	16	"U"	"GT3"	"T"	"2"	"1"	"other"	"services"	"course"	"mother"	"1"	"2"	"0"	"no"	"yes"	"no"	"yes"	"yes"	"yes"	"yes"	"no"	"5"	"3"	"3"	"1"	"1"	"1"	0	14	NA	14
"305"	"GP"	"F"	16	"U"	"GT3"	"T"	"3"	"3"	"other"	"other"	"home"	"father"	"1"	"2"	"0"	"no"	"yes"	"no"	"no"	"yes"	"yes"	"no"	"no"	"4"	"3"	"2"	"1"	"2"	"5"	0	NA	13	13
"306"	"GP"	"F"	15	"U"	"GT3"	"T"	"4"	"4"	"services"	"teacher"	"other"	"father"	"1"	"2"	"0"	"yes"	"yes"	"no"	"yes"	"no"	"yes"	"yes"	"no"	"4"	"4"	"4"	"1"	"1"	"3"	2	13	12	12
"307"	"MS"	"F"	16	"U"	"GT3"	"T"	"2"	"2"	"services"	"other"	"course"	"mother"	"1"	"1"	"0"	"no"	"yes"	"yes"	"yes"	"yes"	"yes"	"no"	"yes"	"4"	"2"	"5"	"1"	"2"	"5"	0	17	NA	16
"308"	"MS"	"M"	16	"U"	"LE3"	"T"	"4"	"3"	"other"	"other"	"course"	"father"	"1"	"1"	"0"	"no"	"no"	"no"	"yes"	"yes"	"yes"	"yes"	"no"	"4"	"2"	"5"	"1"	"5"	"5"	8	14	12	13
"309"	"MS"	"M"	17	"R"	"LE3"	"T"	"2"	"2"	"services"	"services"	"other"	"mother"	"3"	"4"	"1"	"no"	"yes"	"no"	"no"	"yes"	"yes"	"no"	"no"	"1"	"3"	"5"	"3"	"5"	"3"	2	NA	8	9
"310"	"MS"	"F"	16	"U"	"GT3"	"T"	"1"	"1"	"other"	"other"	"course"	"other"	"1"	"4"	"0"	"yes"	"yes"	"no"	"yes"	"yes"	"yes"	"yes"	"no"	"2"	"2"	"1"	"1"	"1"	"5"	0	14	14	14
"311"	"MS"	"F"	19	"U"	"LE3"	"T"	"2"	"2"	"other"	"other"	"home"	"mother"	"1"	"3"	"0"	"no"	"no"	"no"	"no"	"yes"	"yes"	"yes"	"yes"	"5"	"4"	"5"	"1"	"1"	"1"	0	NA	13	13
"312"	"MS"	"F"	17	"R"	"GT3"	"T"	"1"	"1"	"at_home"	"other"	"reputation"	"mother"	"2"	"1"	"0"	"no"	"yes"	"no"	"yes"	"no"	"yes"	"yes"	"yes"	"4"	"4"	"5"	"1"	"2"	"5"	0	11	11	11
"313"	"MS"	"F"	20	"U"	"GT3"	"T"	"3"	"3"	"at_home"	"services"	"other"	"mother"	"2"	"2"	"1"	"no"	"no"	"no"	"yes"	"yes"	"yes"	"yes"	"yes"	"3"	"3"	"4"	"2"	"4"	"3"	8	11	9	10
"314"	"MS"	"F"	17	"U"	"LE3"	"T"	"1"	"1"	"other"	"services"	"course"	"father"	"1"	"3"	"0"	"no"	"yes"	"no"	"no"	"yes"	"yes"	"no"	"yes"	"4"	"3"	"3"	"1"	"1"	"3"	0	11	11	10
"315"	"MS"	"M"	17	"R"	"GT3"	"T"	"2"	"2"	"other"	"other"	"course"	"mother"	"3"	"1"	"1"	"no"	"yes"	"no"	"no"	"no"	"yes"	"yes"	"no"	"4"	"4"	"5"	"1"	"2"	"5"	0	NA	9	9
"316"	"GP"	"F"	16	"U"	"LE3"	"T"	"2"	"2"	"services"	"services"	"course"	"mother"	"3"	"2"	"0"	"no"	"yes"	"no"	"no"	"yes"	"yes"	"yes"	"no"	"4"	"3"	"3"	"2"	"3"	"4"	0	NA	13	13
"317"	"MS"	"F"	17	"R"	"GT3"	"T"	"2"	"2"	"other"	"other"	"reputation"	"mother"	"2"	"2"	"0"	"no"	"yes"	"no"	"yes"	"yes"	"yes"	"no"	"no"	"5"	"3"	"2"	"1"	"1"	"1"	0	15	17	17
"318"	"MS"	"F"	18	"R"	"GT3"	"T"	"1"	"1"	"at_home"	"other"	"other"	"mother"	"1"	"2"	"1"	"no"	"yes"	"no"	"no"	"yes"	"yes"	"yes"	"yes"	"4"	"3"	"2"	"1"	"1"	"5"	9	NA	7	7
"319"	"MS"	"F"	16	"U"	"GT3"	"T"	"3"	"2"	"services"	"at_home"	"course"	"mother"	"1"	"1"	"0"	"no"	"no"	"no"	"no"	"yes"	"yes"	"yes"	"no"	"3"	"1"	"3"	"1"	"4"	"3"	2	7	6	7
"320"	"MS"	"F"	18	"U"	"LE3"	"T"	"1"	"1"	"other"	"at_home"	"reputation"	"mother"	"2"	"2"	"0"	"yes"	"no"	"no"	"no"	"yes"	"yes"	"no"	"no"	"2"	"3"	"5"	"1"	"4"	"3"	8	NA	8	10
"321"	"MS"	"F"	16	"R"	"GT3"	"T"	"4"	"4"	"health"	"teacher"	"reputation"	"father"	"1"	"2"	"0"	"no"	"no"	"no"	"yes"	"no"	"yes"	"yes"	"yes"	"4"	"3"	"3"	"2"	"3"	"2"	0	14	NA	16
"322"	"MS"	"F"	18	"U"	"GT3"	"A"	"2"	"4"	"other"	"services"	"reputation"	"father"	"1"	"2"	"1"	"no"	"yes"	"no"	"no"	"yes"	"yes"	"yes"	"no"	"2"	"3"	"2"	"1"	"3"	"1"	8	8	5	8
"323"	"GP"	"F"	15	"U"	"LE3"	"T"	"4"	"2"	"health"	"other"	"other"	"mother"	"1"	"2"	"0"	"no"	"yes"	"no"	"no"	"yes"	"yes"	"yes"	"no"	"4"	"3"	"3"	"1"	"1"	"5"	0	16	NA	16
"324"	"MS"	"M"	16	"R"	"GT3"	"T"	"2"	"1"	"other"	"services"	"reputation"	"mother"	"2"	"2"	"0"	"no"	"no"	"no"	"yes"	"yes"	"yes"	"yes"	"no"	"5"	"2"	"1"	"1"	"1"	"2"	0	8	7	0
"325"	"MS"	"F"	16	"U"	"GT3"	"T"	"4"	"4"	"health"	"health"	"course"	"mother"	"1"	"2"	"0"	"no"	"yes"	"no"	"no"	"yes"	"yes"	"yes"	"yes"	"4"	"3"	"4"	"1"	"2"	"3"	4	8	8	8
"326"	"MS"	"M"	18	"U"	"LE3"	"T"	"4"	"4"	"at_home"	"health"	"home"	"mother"	"1"	"4"	"0"	"no"	"yes"	"no"	"yes"	"yes"	"no"	"yes"	"yes"	"5"	"5"	"5"	"5"	"5"	"5"	2	5	6	6
"327"	"MS"	"F"	16	"R"	"LE3"	"T"	"3"	"4"	"at_home"	"other"	"other"	"mother"	"3"	"2"	"0"	"no"	"yes"	"no"	"no"	"no"	"yes"	"no"	"no"	"4"	"2"	"1"	"1"	"1"	"2"	2	7	9	8
"328"	"MS"	"M"	17	"U"	"LE3"	"T"	"4"	"4"	"other"	"services"	"home"	"mother"	"1"	"3"	"0"	"no"	"yes"	"no"	"no"	"yes"	"yes"	"yes"	"no"	"4"	"4"	"3"	"1"	"2"	"5"	0	15	NA	16
"329"	"MS"	"M"	16	"U"	"LE3"	"T"	"2"	"2"	"services"	"services"	"other"	"mother"	"4"	"3"	"0"	"no"	"no"	"no"	"no"	"yes"	"yes"	"no"	"no"	"5"	"1"	"3"	"2"	"2"	"3"	0	10	9	10
"330"	"MS"	"M"	17	"U"	"GT3"	"T"	"1"	"1"	"at_home"	"services"	"other"	"mother"	"3"	"2"	"0"	"no"	"no"	"no"	"no"	"yes"	"yes"	"yes"	"yes"	"5"	"1"	"3"	"3"	"3"	"1"	0	NA	10	10
"331"	"MS"	"M"	16	"U"	"GT3"	"T"	"2"	"1"	"health"	"services"	"other"	"mother"	"2"	"2"	"0"	"no"	"no"	"no"	"no"	"no"	"yes"	"yes"	"yes"	"4"	"2"	"2"	"1"	"4"	"5"	2	NA	7	8
"332"	"MS"	"F"	16	"U"	"LE3"	"T"	"2"	"1"	"other"	"services"	"other"	"mother"	"1"	"2"	"0"	"no"	"no"	"no"	"no"	"yes"	"yes"	"yes"	"yes"	"3"	"2"	"2"	"1"	"1"	"3"	0	14	NA	16
"333"	"MS"	"M"	16	"U"	"LE3"	"T"	"4"	"4"	"teacher"	"health"	"other"	"father"	"1"	"1"	"0"	"no"	"yes"	"no"	"no"	"yes"	"yes"	"yes"	"no"	"4"	"1"	"2"	"2"	"5"	"5"	0	11	12	12
"334"	"MS"	"M"	15	"U"	"LE3"	"A"	"2"	"2"	"other"	"other"	"reputation"	"mother"	"3"	"4"	"0"	"no"	"yes"	"no"	"yes"	"yes"	"yes"	"no"	"no"	"5"	"4"	"5"	"2"	"3"	"5"	8	NA	NA	14
"335"	"GP"	"F"	15	"U"	"GT3"	"T"	"4"	"4"	"services"	"services"	"course"	"mother"	"1"	"1"	"0"	"yes"	"yes"	"no"	"no"	"yes"	"yes"	"yes"	"no"	"3"	"3"	"4"	"2"	"3"	"5"	0	13	12	12
"336"	"MS"	"F"	17	"R"	"GT3"	"T"	"2"	"2"	"other"	"other"	"other"	"mother"	"2"	"2"	"0"	"yes"	"no"	"yes"	"no"	"yes"	"yes"	"no"	"no"	"5"	"1"	"3"	"1"	"1"	"5"	0	NA	9	11
"337"	"MS"	"M"	17	"R"	"GT3"	"T"	"4"	"4"	"health"	"other"	"course"	"father"	"3"	"1"	"3"	"no"	"no"	"no"	"yes"	"yes"	"yes"	"yes"	"yes"	"3"	"3"	"3"	"1"	"3"	"5"	2	9	9	8
"338"	"MS"	"M"	17	"R"	"LE3"	"T"	"1"	"3"	"other"	"other"	"course"	"father"	"2"	"1"	"0"	"no"	"no"	"no"	"yes"	"yes"	"yes"	"no"	"yes"	"5"	"1"	"2"	"3"	"3"	"5"	2	12	11	12
"339"	"MS"	"M"	17	"U"	"GT3"	"T"	"3"	"4"	"services"	"other"	"other"	"mother"	"1"	"2"	"1"	"no"	"yes"	"no"	"yes"	"no"	"yes"	"yes"	"yes"	"5"	"4"	"4"	"3"	"4"	"5"	8	8	9	8
"340"	"MS"	"F"	17	"U"	"GT3"	"T"	"4"	"4"	"health"	"health"	"course"	"father"	"1"	"2"	"0"	"no"	"yes"	"no"	"no"	"yes"	"yes"	"yes"	"no"	"5"	"2"	"5"	"1"	"1"	"5"	0	13	NA	16
"341"	"MS"	"M"	16	"R"	"LE3"	"T"	"4"	"1"	"other"	"at_home"	"other"	"father"	"1"	"1"	"0"	"no"	"no"	"no"	"no"	"yes"	"yes"	"yes"	"no"	"4"	"1"	"2"	"2"	"1"	"2"	0	NA	11	11
"342"	"MS"	"F"	17	"U"	"GT3"	"A"	"1"	"1"	"at_home"	"at_home"	"other"	"mother"	"1"	"2"	"0"	"no"	"no"	"no"	"yes"	"yes"	"yes"	"yes"	"yes"	"4"	"5"	"5"	"1"	"2"	"3"	2	11	10	11
"343"	"GP"	"F"	15	"U"	"LE3"	"A"	"3"	"3"	"other"	"other"	"other"	"mother"	"1"	"1"	"0"	"no"	"no"	"no"	"no"	"yes"	"yes"	"yes"	"no"	"5"	"3"	"4"	"4"	"4"	"1"	0	13	NA	13
"344"	"MS"	"M"	16	"U"	"LE3"	"A"	"2"	"2"	"other"	"services"	"course"	"father"	"2"	"2"	"0"	"no"	"yes"	"no"	"no"	"no"	"yes"	"yes"	"yes"	"4"	"1"	"2"	"2"	"2"	"5"	0	NA	NA	13
"345"	"MS"	"M"	17	"U"	"GT3"	"T"	"3"	"2"	"other"	"other"	"other"	"father"	"2"	"2"	"0"	"no"	"yes"	"yes"	"no"	"yes"	"yes"	"yes"	"no"	"4"	"1"	"2"	"2"	"2"	"1"	0	13	NA	13
"346"	"MS"	"F"	17	"R"	"GT3"	"T"	"1"	"1"	"at_home"	"at_home"	"course"	"father"	"2"	"1"	"0"	"no"	"yes"	"no"	"yes"	"yes"	"no"	"yes"	"yes"	"3"	"5"	"5"	"2"	"2"	"4"	3	NA	11	10
"347"	"MS"	"F"	16	"R"	"GT3"	"T"	"1"	"2"	"other"	"other"	"home"	"father"	"1"	"3"	"0"	"yes"	"yes"	"no"	"no"	"no"	"yes"	"yes"	"yes"	"4"	"3"	"4"	"1"	"1"	"3"	5	13	14	13
"348"	"MS"	"M"	16	"R"	"LE3"	"T"	"1"	"2"	"other"	"at_home"	"course"	"mother"	"1"	"1"	"0"	"no"	"no"	"no"	"no"	"yes"	"yes"	"no"	"no"	"4"	"4"	"4"	"2"	"4"	"5"	4	NA	10	11
"349"	"MS"	"F"	17	"R"	"GT3"	"T"	"3"	"1"	"other"	"other"	"course"	"mother"	"2"	"2"	"3"	"no"	"yes"	"no"	"yes"	"no"	"yes"	"yes"	"yes"	"5"	"4"	"4"	"1"	"1"	"5"	2	7	9	10
"350"	"MS"	"M"	18	"R"	"GT3"	"T"	"1"	"0"	"at_home"	"at_home"	"course"	"other"	"3"	"1"	"1"	"yes"	"yes"	"no"	"no"	"yes"	"yes"	"no"	"no"	"4"	"3"	"2"	"1"	"1"	"4"	0	12	12	13
"351"	"MS"	"M"	17	"R"	"GT3"	"T"	"1"	"1"	"other"	"services"	"course"	"mother"	"2"	"1"	"0"	"no"	"yes"	"no"	"yes"	"no"	"yes"	"yes"	"yes"	"4"	"5"	"5"	"1"	"3"	"2"	0	10	9	10
"352"	"MS"	"M"	18	"U"	"LE3"	"T"	"1"	"1"	"at_home"	"at_home"	"course"	"mother"	"2"	"2"	"0"	"no"	"yes"	"no"	"yes"	"yes"	"yes"	"no"	"no"	"4"	"3"	"3"	"1"	"4"	"5"	6	10	9	10
"353"	"MS"	"F"	16	"R"	"LE3"	"T"	"2"	"2"	"other"	"services"	"course"	"father"	"1"	"2"	"0"	"no"	"no"	"no"	"yes"	"yes"	"yes"	"no"	"yes"	"5"	"4"	"3"	"1"	"1"	"1"	0	11	NA	12
"354"	"MS"	"M"	17	"U"	"GT3"	"T"	"2"	"2"	"other"	"other"	"course"	"mother"	"1"	"1"	"1"	"no"	"no"	"no"	"yes"	"yes"	"yes"	"no"	"yes"	"1"	"2"	"1"	"2"	"3"	"5"	0	7	0	0
"355"	"MS"	"M"	16	"R"	"LE3"	"T"	"1"	"1"	"at_home"	"other"	"course"	"mother"	"2"	"1"	"0"	"no"	"no"	"no"	"yes"	"yes"	"yes"	"yes"	"no"	"4"	"5"	"5"	"2"	"4"	"5"	0	10	10	9
"356"	"MS"	"M"	18	"R"	"GT3"	"T"	"3"	"2"	"services"	"other"	"course"	"mother"	"1"	"1"	"1"	"no"	"no"	"no"	"no"	"yes"	"no"	"yes"	"no"	"2"	"3"	"1"	"2"	"2"	"5"	0	4	0	0
"357"	"MS"	"M"	19	"U"	"GT3"	"T"	"3"	"2"	"at_home"	"services"	"course"	"mother"	"2"	"1"	"3"	"no"	"no"	"no"	"yes"	"yes"	"yes"	"no"	"no"	"3"	"2"	"1"	"1"	"1"	"3"	4	6	11	9
"358"	"GP"	"F"	15	"U"	"GT3"	"A"	"4"	"3"	"services"	"services"	"reputation"	"mother"	"1"	"2"	"0"	"no"	"yes"	"no"	"yes"	"yes"	"yes"	"yes"	"no"	"4"	"3"	"2"	"1"	"1"	"1"	0	15	NA	15
"359"	"MS"	"M"	18	"U"	"GT3"	"T"	"3"	"3"	"at_home"	"at_home"	"course"	"mother"	"1"	"2"	"2"	"no"	"yes"	"no"	"yes"	"yes"	"no"	"yes"	"no"	"4"	"4"	"5"	"1"	"3"	"3"	9	4	8	8
"360"	"MS"	"M"	19	"U"	"GT3"	"T"	"2"	"1"	"at_home"	"other"	"course"	"other"	"2"	"1"	"3"	"no"	"no"	"no"	"yes"	"no"	"no"	"yes"	"yes"	"4"	"4"	"3"	"1"	"3"	"5"	4	NA	9	9
"361"	"MS"	"F"	16	"U"	"GT3"	"A"	"3"	"2"	"services"	"at_home"	"course"	"mother"	"2"	"2"	"2"	"no"	"yes"	"no"	"yes"	"yes"	"yes"	"no"	"yes"	"2"	"5"	"5"	"1"	"1"	"1"	8	5	5	7
"362"	"MS"	"F"	17	"U"	"GT3"	"T"	"1"	"1"	"other"	"at_home"	"course"	"mother"	"1"	"1"	"0"	"no"	"yes"	"no"	"yes"	"yes"	"yes"	"no"	"no"	"4"	"3"	"2"	"1"	"2"	"5"	9	7	9	10
"363"	"MS"	"M"	20	"R"	"GT3"	"T"	"1"	"1"	"other"	"other"	"course"	"other"	"2"	"1"	"1"	"no"	"yes"	"no"	"no"	"yes"	"no"	"yes"	"yes"	"4"	"4"	"3"	"2"	"4"	"4"	12	8	11	10
"364"	"MS"	"F"	18	"R"	"GT3"	"A"	"4"	"3"	"services"	"services"	"course"	"mother"	"1"	"1"	"0"	"no"	"yes"	"no"	"no"	"yes"	"yes"	"yes"	"no"	"5"	"4"	"4"	"3"	"4"	"2"	8	NA	11	10
"365"	"MS"	"M"	18	"R"	"GT3"	"T"	"3"	"2"	"other"	"other"	"course"	"mother"	"2"	"1"	"0"	"no"	"yes"	"no"	"no"	"no"	"yes"	"yes"	"no"	"2"	"5"	"5"	"5"	"5"	"5"	8	NA	10	11
"366"	"MS"	"M"	19	"R"	"GT3"	"T"	"1"	"1"	"other"	"services"	"home"	"other"	"3"	"2"	"1"	"no"	"no"	"no"	"no"	"yes"	"yes"	"yes"	"no"	"5"	"4"	"4"	"3"	"3"	"2"	8	10	9	11
"367"	"MS"	"M"	17	"U"	"GT3"	"T"	"3"	"3"	"health"	"other"	"course"	"mother"	"2"	"2"	"1"	"no"	"yes"	"no"	"no"	"yes"	"yes"	"yes"	"no"	"4"	"5"	"4"	"2"	"3"	"3"	4	8	NA	10
"368"	"MS"	"M"	18	"U"	"LE3"	"T"	"1"	"3"	"at_home"	"services"	"course"	"mother"	"1"	"1"	"0"	"no"	"no"	"no"	"no"	"yes"	"no"	"yes"	"yes"	"4"	"3"	"3"	"2"	"3"	"3"	0	9	10	9
"369"	"MS"	"M"	19	"R"	"GT3"	"T"	"1"	"1"	"other"	"other"	"home"	"other"	"3"	"1"	"1"	"no"	"yes"	"no"	"no"	"yes"	"yes"	"yes"	"no"	"4"	"4"	"4"	"3"	"3"	"5"	4	8	9	10
"370"	"MS"	"F"	18	"U"	"GT3"	"A"	"1"	"2"	"at_home"	"other"	"course"	"mother"	"2"	"2"	"2"	"no"	"yes"	"no"	"no"	"yes"	"yes"	"no"	"no"	"4"	"3"	"3"	"1"	"1"	"5"	2	6	8	8
"371"	"MS"	"F"	18	"R"	"GT3"	"T"	"2"	"2"	"other"	"other"	"other"	"mother"	"2"	"1"	"1"	"no"	"no"	"no"	"no"	"yes"	"no"	"yes"	"yes"	"5"	"5"	"5"	"1"	"1"	"3"	0	NA	6	0
"372"	"MS"	"F"	17	"U"	"GT3"	"T"	"4"	"2"	"teacher"	"services"	"home"	"mother"	"1"	"2"	"0"	"yes"	"yes"	"no"	"yes"	"yes"	"yes"	"yes"	"no"	"5"	"5"	"5"	"1"	"3"	"5"	0	8	8	0
"373"	"MS"	"F"	18	"R"	"LE3"	"T"	"2"	"2"	"services"	"services"	"course"	"mother"	"1"	"2"	"1"	"no"	"yes"	"no"	"yes"	"yes"	"yes"	"yes"	"no"	"2"	"3"	"3"	"1"	"2"	"4"	3	NA	6	8
"374"	"MS"	"F"	17	"U"	"GT3"	"T"	"4"	"1"	"health"	"at_home"	"course"	"mother"	"1"	"1"	"0"	"no"	"yes"	"no"	"no"	"yes"	"yes"	"no"	"yes"	"3"	"2"	"2"	"1"	"1"	"5"	0	8	10	9
"375"	"GP"	"M"	15	"U"	"LE3"	"T"	"1"	"2"	"other"	"at_home"	"home"	"father"	"1"	"2"	"0"	"yes"	"yes"	"no"	"yes"	"yes"	"yes"	"yes"	"no"	"4"	"3"	"2"	"1"	"1"	"5"	0	NA	13	14
"376"	"MS"	"F"	17	"U"	"LE3"	"T"	"1"	"2"	"at_home"	"other"	"course"	"father"	"1"	"1"	"0"	"no"	"no"	"no"	"no"	"yes"	"yes"	"yes"	"no"	"5"	"5"	"1"	"1"	"1"	"3"	0	7	NA	10
"377"	"MS"	"F"	17	"U"	"GT3"	"T"	"3"	"3"	"services"	"services"	"course"	"mother"	"2"	"1"	"0"	"no"	"yes"	"no"	"no"	"yes"	"yes"	"yes"	"no"	"4"	"4"	"3"	"1"	"1"	"4"	0	11	12	13
"378"	"MS"	"F"	18	"U"	"GT3"	"T"	"4"	"4"	"teacher"	"teacher"	"reputation"	"mother"	"2"	"2"	"0"	"no"	"no"	"no"	"yes"	"no"	"yes"	"yes"	"no"	"4"	"3"	"5"	"1"	"2"	"1"	0	18	NA	18
"379"	"MS"	"M"	18	"U"	"LE3"	"T"	"4"	"4"	"services"	"other"	"reputation"	"mother"	"1"	"1"	"0"	"no"	"yes"	"no"	"yes"	"yes"	"yes"	"yes"	"no"	"5"	"4"	"5"	"1"	"1"	"5"	3	17	NA	17
"380"	"MS"	"F"	17	"U"	"GT3"	"T"	"4"	"2"	"other"	"other"	"course"	"mother"	"2"	"2"	"0"	"no"	"yes"	"no"	"no"	"yes"	"yes"	"yes"	"no"	"4"	"3"	"3"	"1"	"2"	"4"	0	17	NA	18
"381"	"MS"	"F"	18	"R"	"GT3"	"T"	"2"	"2"	"at_home"	"other"	"course"	"mother"	"3"	"2"	"1"	"no"	"no"	"no"	"yes"	"yes"	"yes"	"no"	"yes"	"4"	"3"	"3"	"1"	"1"	"4"	0	NA	0	0
"382"	"GP"	"M"	16	"U"	"LE3"	"T"	"4"	"3"	"services"	"other"	"reputation"	"mother"	"1"	"2"	"0"	"no"	"yes"	"no"	"yes"	"yes"	"yes"	"yes"	"no"	"5"	"4"	"2"	"1"	"2"	"5"	6	NA	NA	13
"383"	"MS"	"M"	18	"R"	"GT3"	"T"	"4"	"4"	"at_home"	"services"	"other"	"mother"	"3"	"1"	"0"	"no"	"yes"	"yes"	"yes"	"yes"	"yes"	"yes"	"yes"	"2"	"5"	"5"	"1"	"1"	"1"	5	12	NA	14
"384"	"MS"	"F"	18	"U"	"GT3"	"T"	"2"	"2"	"other"	"other"	"course"	"mother"	"2"	"2"	"0"	"no"	"yes"	"no"	"no"	"no"	"yes"	"yes"	"yes"	"1"	"3"	"1"	"1"	"1"	"2"	4	8	8	10
"385"	"MS"	"F"	18	"U"	"LE3"	"T"	"2"	"2"	"services"	"services"	"course"	"father"	"2"	"3"	"0"	"no"	"no"	"no"	"no"	"yes"	"yes"	"yes"	"yes"	"5"	"4"	"5"	"1"	"4"	"3"	0	11	12	13
"386"	"MS"	"F"	18	"U"	"GT3"	"T"	"1"	"1"	"at_home"	"services"	"course"	"mother"	"3"	"2"	"1"	"no"	"no"	"no"	"no"	"yes"	"no"	"no"	"no"	"4"	"4"	"2"	"1"	"2"	"2"	2	9	NA	10
"387"	"MS"	"F"	17	"U"	"GT3"	"T"	"4"	"2"	"teacher"	"other"	"course"	"father"	"2"	"4"	"0"	"no"	"no"	"no"	"no"	"yes"	"yes"	"yes"	"yes"	"4"	"2"	"3"	"3"	"1"	"5"	0	18	NA	18
"388"	"MS"	"F"	18	"U"	"LE3"	"A"	"1"	"1"	"at_home"	"services"	"course"	"mother"	"1"	"2"	"0"	"no"	"no"	"no"	"no"	"yes"	"yes"	"no"	"yes"	"5"	"2"	"3"	"1"	"2"	"3"	2	NA	NA	11
"389"	"MS"	"F"	18	"U"	"GT3"	"T"	"1"	"2"	"at_home"	"at_home"	"course"	"father"	"2"	"2"	"0"	"no"	"yes"	"no"	"no"	"yes"	"no"	"no"	"no"	"4"	"1"	"1"	"1"	"1"	"4"	0	NA	NA	12
"390"	"MS"	"F"	19	"R"	"GT3"	"A"	"1"	"1"	"at_home"	"at_home"	"course"	"other"	"2"	"2"	"3"	"no"	"yes"	"no"	"yes"	"yes"	"no"	"no"	"yes"	"3"	"5"	"4"	"1"	"4"	"1"	0	NA	0	0
"391"	"MS"	"M"	17	"R"	"GT3"	"T"	"4"	"3"	"services"	"other"	"home"	"mother"	"2"	"2"	"1"	"no"	"yes"	"yes"	"yes"	"no"	"yes"	"yes"	"yes"	"4"	"5"	"5"	"1"	"3"	"2"	4	NA	NA	11
"392"	"MS"	"F"	17	"R"	"GT3"	"T"	"4"	"4"	"teacher"	"services"	"other"	"father"	"2"	"2"	"0"	"no"	"yes"	"yes"	"yes"	"yes"	"yes"	"yes"	"no"	"4"	"3"	"3"	"1"	"2"	"5"	2	NA	12	12
"393"	"MS"	"F"	17	"U"	"LE3"	"A"	"3"	"2"	"services"	"other"	"reputation"	"mother"	"2"	"2"	"0"	"no"	"no"	"no"	"no"	"yes"	"yes"	"no"	"yes"	"1"	"2"	"3"	"1"	"2"	"5"	0	15	14	15
"394"	"MS"	"F"	18	"U"	"LE3"	"T"	"1"	"1"	"at_home"	"services"	"course"	"father"	"2"	"3"	"0"	"no"	"no"	"no"	"no"	"yes"	"yes"	"yes"	"no"	"5"	"3"	"2"	"1"	"1"	"4"	0	19	NA	18
"395"	"MS"	"F"	18	"U"	"GT3"	"T"	"3"	"3"	"services"	"services"	"other"	"mother"	"2"	"2"	"0"	"no"	"yes"	"no"	"no"	"yes"	"yes"	"yes"	"yes"	"4"	"3"	"2"	"1"	"3"	"3"	6	NA	12	13
"396"	"MS"	"F"	17	"U"	"LE3"	"T"	"4"	"4"	"at_home"	"at_home"	"course"	"mother"	"1"	"2"	"0"	"no"	"yes"	"no"	"yes"	"yes"	"yes"	"yes"	"yes"	"2"	"3"	"4"	"1"	"1"	"1"	4	15	NA	15
"397"	"GP"	"F"	16	"U"	"LE3"	"T"	"1"	"2"	"other"	"services"	"reputation"	"father"	"1"	"2"	"0"	"yes"	"no"	"no"	"yes"	"yes"	"yes"	"yes"	"no"	"4"	"4"	"3"	"1"	"1"	"1"	0	13	13	10
"398"	"MS"	"F"	17	"R"	"GT3"	"T"	"1"	"2"	"other"	"other"	"course"	"mother"	"1"	"1"	"0"	"no"	"no"	"no"	"yes"	"yes"	"yes"	"yes"	"no"	"3"	"5"	"5"	"1"	"3"	"1"	4	NA	8	9
"399"	"MS"	"F"	18	"R"	"LE3"	"T"	"4"	"4"	"other"	"other"	"reputation"	"mother"	"2"	"3"	"0"	"no"	"no"	"no"	"no"	"yes"	"yes"	"yes"	"no"	"5"	"4"	"4"	"1"	"1"	"1"	0	15	NA	17
"400"	"MS"	"F"	18	"R"	"GT3"	"T"	"1"	"1"	"other"	"other"	"home"	"mother"	"4"	"3"	"0"	"no"	"no"	"no"	"no"	"yes"	"yes"	"yes"	"no"	"4"	"3"	"2"	"1"	"2"	"4"	4	NA	11	12
"401"	"MS"	"F"	19	"R"	"GT3"	"T"	"1"	"1"	"at_home"	"other"	"course"	"other"	"2"	"2"	"1"	"no"	"yes"	"no"	"no"	"yes"	"yes"	"yes"	"yes"	"4"	"3"	"3"	"1"	"1"	"3"	4	7	8	9
"402"	"MS"	"F"	18	"U"	"GT3"	"T"	"3"	"3"	"other"	"other"	"home"	"mother"	"1"	"2"	"0"	"no"	"no"	"no"	"no"	"yes"	"yes"	"yes"	"yes"	"4"	"1"	"3"	"1"	"2"	"1"	1	NA	NA	16
"403"	"MS"	"M"	17	"U"	"GT3"	"T"	"2"	"3"	"other"	"services"	"home"	"father"	"2"	"2"	"0"	"no"	"no"	"no"	"yes"	"yes"	"yes"	"yes"	"no"	"4"	"4"	"3"	"1"	"1"	"3"	4	NA	15	16
"404"	"GP"	"F"	16	"U"	"GT3"	"T"	"4"	"3"	"teacher"	"health"	"home"	"mother"	"1"	"3"	"0"	"yes"	"yes"	"no"	"yes"	"yes"	"yes"	"yes"	"no"	"3"	"4"	"4"	"2"	"4"	"4"	0	NA	NA	13
"405"	"MS"	"M"	18	"R"	"GT3"	"T"	"4"	"2"	"other"	"other"	"home"	"father"	"2"	"1"	"1"	"no"	"no"	"yes"	"no"	"yes"	"yes"	"no"	"no"	"5"	"4"	"3"	"4"	"3"	"3"	0	7	7	0
"406"	"MS"	"F"	17	"U"	"GT3"	"T"	"4"	"3"	"teacher"	"other"	"other"	"mother"	"2"	"2"	"0"	"no"	"no"	"no"	"no"	"yes"	"yes"	"yes"	"no"	"5"	"5"	"4"	"1"	"1"	"1"	0	6	9	11
"407"	"MS"	"F"	19	"R"	"GT3"	"T"	"2"	"3"	"services"	"other"	"course"	"mother"	"1"	"3"	"1"	"no"	"no"	"no"	"yes"	"no"	"yes"	"yes"	"no"	"5"	"4"	"2"	"1"	"2"	"5"	4	NA	11	10
"408"	"MS"	"M"	17	"U"	"LE3"	"T"	"3"	"1"	"services"	"services"	"course"	"mother"	"2"	"1"	"0"	"no"	"no"	"no"	"no"	"no"	"yes"	"yes"	"no"	"2"	"4"	"5"	"3"	"4"	"2"	6	NA	10	10
"409"	"MS"	"M"	18	"R"	"LE3"	"T"	"3"	"2"	"services"	"other"	"course"	"mother"	"3"	"1"	"0"	"no"	"no"	"no"	"no"	"no"	"yes"	"yes"	"no"	"4"	"4"	"1"	"3"	"4"	"5"	4	NA	11	11
"410"	"GP"	"F"	16	"U"	"LE3"	"T"	"4"	"3"	"teacher"	"services"	"course"	"mother"	"3"	"2"	"0"	"no"	"yes"	"no"	"yes"	"yes"	"yes"	"yes"	"no"	"5"	"4"	"3"	"1"	"2"	"1"	2	NA	15	16
"411"	"GP"	"M"	15	"U"	"GT3"	"A"	"4"	"4"	"other"	"services"	"reputation"	"mother"	"1"	"4"	"0"	"no"	"yes"	"no"	"yes"	"no"	"yes"	"yes"	"yes"	"1"	"3"	"3"	"5"	"5"	"3"	0	11	NA	12
"412"	"GP"	"F"	15	"R"	"LE3"	"T"	"2"	"2"	"health"	"services"	"reputation"	"mother"	"2"	"2"	"0"	"yes"	"yes"	"no"	"no"	"yes"	"yes"	"yes"	"no"	"4"	"1"	"3"	"1"	"3"	"4"	0	11	NA	11
"413"	"GP"	"M"	16	"U"	"LE3"	"T"	"2"	"2"	"other"	"other"	"home"	"mother"	"1"	"2"	"0"	"no"	"no"	"no"	"no"	"yes"	"yes"	"yes"	"no"	"4"	"4"	"4"	"1"	"1"	"3"	0	NA	12	13
"414"	"GP"	"F"	15	"R"	"LE3"	"T"	"3"	"1"	"other"	"other"	"reputation"	"father"	"2"	"4"	"0"	"no"	"yes"	"no"	"no"	"no"	"yes"	"yes"	"no"	"4"	"4"	"2"	"2"	"3"	"3"	6	NA	NA	15
"415"	"GP"	"M"	15	"U"	"GT3"	"T"	"4"	"2"	"other"	"other"	"course"	"mother"	"1"	"4"	"0"	"no"	"no"	"no"	"no"	"yes"	"yes"	"yes"	"no"	"3"	"3"	"3"	"1"	"1"	"3"	0	11	9	10
"416"	"GP"	"F"	15	"R"	"GT3"	"T"	"1"	"1"	"other"	"other"	"reputation"	"mother"	"1"	"2"	"0"	"yes"	"yes"	"no"	"no"	"no"	"yes"	"yes"	"yes"	"3"	"3"	"4"	"2"	"4"	"5"	2	13	11	11
"417"	"GP"	"M"	16	"U"	"GT3"	"T"	"3"	"1"	"other"	"other"	"reputation"	"mother"	"1"	"1"	"0"	"no"	"no"	"no"	"yes"	"yes"	"yes"	"no"	"no"	"5"	"3"	"2"	"2"	"2"	"5"	0	13	NA	14
"418"	"GP"	"F"	16	"U"	"GT3"	"T"	"3"	"3"	"other"	"services"	"home"	"mother"	"1"	"2"	"0"	"yes"	"yes"	"no"	"yes"	"yes"	"yes"	"yes"	"no"	"4"	"3"	"3"	"2"	"4"	"5"	4	NA	11	11
"419"	"GP"	"M"	15	"U"	"GT3"	"T"	"4"	"3"	"teacher"	"other"	"home"	"mother"	"1"	"2"	"0"	"no"	"yes"	"no"	"yes"	"yes"	"yes"	"yes"	"no"	"4"	"3"	"3"	"2"	"3"	"5"	0	NA	11	11
"420"	"GP"	"F"	16	"U"	"GT3"	"T"	"2"	"2"	"other"	"other"	"reputation"	"mother"	"1"	"4"	"0"	"no"	"no"	"no"	"no"	"yes"	"yes"	"yes"	"yes"	"5"	"2"	"3"	"1"	"3"	"3"	1	13	NA	13
"421"	"GP"	"F"	17	"U"	"GT3"	"A"	"4"	"4"	"other"	"teacher"	"home"	"mother"	"2"	"2"	"0"	"yes"	"yes"	"no"	"no"	"yes"	"yes"	"no"	"no"	"4"	"1"	"4"	"1"	"1"	"1"	2	10	13	13
"422"	"GP"	"F"	16	"U"	"GT3"	"T"	"3"	"4"	"at_home"	"other"	"course"	"mother"	"1"	"2"	"0"	"no"	"yes"	"no"	"no"	"yes"	"yes"	"yes"	"no"	"2"	"4"	"3"	"1"	"2"	"3"	14	NA	11	11
"423"	"GP"	"M"	15	"U"	"GT3"	"T"	"2"	"3"	"other"	"services"	"course"	"father"	"1"	"1"	"0"	"yes"	"yes"	"no"	"yes"	"no"	"yes"	"yes"	"yes"	"3"	"2"	"2"	"1"	"3"	"3"	0	11	NA	12
"424"	"GP"	"F"	15	"U"	"LE3"	"T"	"3"	"2"	"services"	"other"	"reputation"	"mother"	"1"	"2"	"0"	"no"	"yes"	"no"	"no"	"yes"	"yes"	"yes"	"no"	"4"	"4"	"4"	"1"	"1"	"5"	4	NA	11	11
"425"	"GP"	"M"	15	"U"	"LE3"	"T"	"2"	"2"	"services"	"services"	"home"	"mother"	"2"	"2"	"0"	"no"	"no"	"yes"	"yes"	"yes"	"yes"	"yes"	"no"	"5"	"3"	"3"	"1"	"3"	"4"	2	NA	12	13
"426"	"GP"	"F"	15	"U"	"GT3"	"T"	"1"	"1"	"other"	"other"	"home"	"father"	"1"	"2"	"0"	"no"	"yes"	"no"	"yes"	"no"	"yes"	"yes"	"no"	"4"	"3"	"2"	"2"	"3"	"4"	2	NA	NA	12
"427"	"GP"	"F"	16	"U"	"LE3"	"T"	"2"	"2"	"at_home"	"other"	"course"	"mother"	"1"	"2"	"0"	"no"	"yes"	"no"	"no"	"yes"	"yes"	"no"	"no"	"4"	"3"	"4"	"1"	"2"	"2"	6	13	NA	11
"428"	"GP"	"M"	16	"U"	"GT3"	"T"	"2"	"2"	"services"	"other"	"reputation"	"father"	"2"	"2"	"0"	"no"	"no"	"no"	"yes"	"no"	"yes"	"yes"	"no"	"4"	"4"	"2"	"1"	"1"	"3"	6	12	10	11
"429"	"GP"	"M"	16	"U"	"LE3"	"A"	"4"	"4"	"teacher"	"health"	"reputation"	"mother"	"1"	"2"	"0"	"no"	"yes"	"no"	"no"	"yes"	"yes"	"no"	"no"	"4"	"1"	"3"	"3"	"5"	"5"	6	9	9	10
"430"	"GP"	"F"	16	"U"	"GT3"	"T"	"3"	"3"	"other"	"other"	"home"	"mother"	"1"	"3"	"0"	"no"	"yes"	"no"	"no"	"yes"	"yes"	"yes"	"yes"	"4"	"3"	"3"	"1"	"3"	"4"	2	9	11	11
"431"	"GP"	"F"	16	"U"	"LE3"	"T"	"3"	"1"	"other"	"other"	"home"	"father"	"1"	"2"	"0"	"yes"	"yes"	"no"	"no"	"yes"	"yes"	"no"	"no"	"3"	"3"	"3"	"2"	"3"	"2"	0	12	13	12
"432"	"GP"	"F"	16	"U"	"GT3"	"T"	"4"	"2"	"teacher"	"services"	"home"	"mother"	"2"	"2"	"0"	"no"	"yes"	"no"	"yes"	"yes"	"yes"	"yes"	"no"	"5"	"3"	"3"	"1"	"1"	"1"	2	13	NA	14
"433"	"GP"	"F"	15	"R"	"GT3"	"T"	"1"	"1"	"at_home"	"other"	"home"	"mother"	"2"	"4"	"0"	"yes"	"yes"	"yes"	"yes"	"yes"	"yes"	"yes"	"no"	"3"	"1"	"2"	"1"	"1"	"1"	4	13	NA	13
